curva,edad,sigma,nivel,wata,iosacal,mismos_tramos,dif_max
shcal20,200,20,0.683,"[(1672, 1692), (1728, 1744), (1753, 1765), (1773, 1781), (1797, 1808), (1950, 1950)]","[(1672, 1691), (1728, 1744), (1753, 1765), (1773, 1780), (1797, 1808)]",False,
shcal20,200,20,0.954,"[(1667, 1700), (1721, 1787), (1792, 1811), (1837, 1849), (1868, 1877), (1926, 1950)]","[(1668, 1700), (1721, 1787), (1792, 1811), (1837, 1848), (1868, 1877), (1927, 1949)]",True,1
shcal20,250,20,0.683,"[(1654, 1671), (1745, 1752), (1766, 1772), (1782, 1796)]","[(1654, 1671), (1745, 1752), (1766, 1771), (1782, 1796)]",True,1
shcal20,250,20,0.954,"[(1649, 1675), (1736, 1799)]","[(1649, 1674), (1737, 1799)]",True,1
shcal20,300,20,0.683,"[(1518, 1521), (1628, 1662)]","[(1628, 1662)]",False,
shcal20,300,20,0.954,"[(1510, 1550), (1560, 1577), (1624, 1667), (1788, 1791)]","[(1510, 1549), (1560, 1577), (1624, 1667), (1789, 1791)]",True,1
shcal20,350,20,0.683,"[(1510, 1551), (1557, 1583), (1622, 1628)]","[(1510, 1551), (1559, 1582), (1623, 1628)]",True,2
shcal20,350,20,0.954,"[(1502, 1596), (1614, 1643)]","[(1503, 1596), (1614, 1643)]",True,1
shcal20,400,20,0.683,"[(1462, 1473), (1479, 1505), (1592, 1617)]","[(1462, 1472), (1479, 1505), (1592, 1617)]",True,1
shcal20,400,20,0.954,"[(1457, 1511), (1547, 1565), (1568, 1624)]","[(1457, 1511), (1547, 1565), (1569, 1624)]",True,1
shcal20,450,20,0.683,"[(1449, 1465), (1468, 1483)]","[(1449, 1464), (1468, 1483)]",True,1
shcal20,450,20,0.954,"[(1446, 1501), (1599, 1612)]","[(1446, 1500), (1599, 1612)]",True,1
shcal20,500,20,0.683,"[(1436, 1451)]","[(1437, 1451)]",True,1
shcal20,500,20,0.954,"[(1424, 1456)]","[(1424, 1455)]",True,1
shcal20,550,20,0.683,"[(1413, 1434)]","[(1413, 1433)]",True,1
shcal20,550,20,0.954,"[(1404, 1443)]","[(1405, 1442)]",True,1
shcal20,600,20,0.683,"[(1329, 1334), (1394, 1414)]","[(1329, 1333), (1394, 1414)]",True,1
shcal20,600,20,0.954,"[(1324, 1347), (1390, 1423)]","[(1324, 1346), (1390, 1423)]",True,1
shcal20,650,20,0.683,"[(1321, 1352), (1387, 1393)]","[(1321, 1329), (1332, 1351), (1388, 1393)]",False,
shcal20,650,20,0.954,"[(1304, 1361), (1381, 1400)]","[(1304, 1360), (1381, 1400)]",True,1
shcal20,700,20,0.683,"[(1297, 1317), (1357, 1370), (1374, 1383)]","[(1297, 1317), (1357, 1369), (1375, 1383)]",True,1
shcal20,700,20,0.954,"[(1288, 1322), (1349, 1389)]","[(1289, 1322), (1349, 1389)]",True,1
shcal20,750,20,0.683,"[(1278, 1296), (1369, 1375)]","[(1279, 1296), (1369, 1375)]",True,1
shcal20,750,20,0.954,"[(1273, 1313), (1360, 1381)]","[(1274, 1313), (1360, 1381)]",True,1
shcal20,800,20,0.683,"[(1231, 1246), (1267, 1281)]","[(1231, 1246), (1268, 1281)]",True,1
shcal20,800,20,0.954,"[(1226, 1284)]","[(1226, 1256), (1259, 1284)]",False,
shcal20,850,20,0.683,"[(1218, 1232), (1246, 1268)]","[(1218, 1231), (1246, 1268)]",True,1
shcal20,850,20,0.954,"[(1187, 1195), (1210, 1274)]","[(1188, 1194), (1210, 1274)]",True,1
shcal20,900,20,0.683,"[(1163, 1166), (1182, 1216)]","[(1164, 1166), (1182, 1216)]",True,1
shcal20,900,20,0.954,"[(1154, 1225)]","[(1154, 1224)]",True,1
shcal20,950,20,0.683,"[(1051, 1082), (1148, 1163), (1167, 1181)]","[(1051, 1064), (1066, 1082), (1148, 1162), (1167, 1180)]",False,
shcal20,950,20,0.954,"[(1046, 1089), (1097, 1125), (1129, 1187), (1194, 1210)]","[(1046, 1089), (1097, 1124), (1129, 1187), (1195, 1210)]",True,1
shcal20,1000,20,0.683,"[(1032, 1048), (1085, 1138), (1140, 1140)]","[(1032, 1048), (1085, 1138)]",False,
shcal20,1000,20,0.954,"[(1027, 1055), (1058, 1071), (1079, 1151)]","[(1027, 1054), (1058, 1071), (1079, 1151)]",True,1
shcal20,1050,20,0.683,"[(994, 1006), (1017, 1035), (1038, 1043)]","[(994, 1006), (1017, 1035), (1038, 1042)]",True,1
shcal20,1050,20,0.954,"[(993, 1047), (1086, 1111), (1117, 1135)]","[(993, 1047), (1086, 1111), (1118, 1135)]",True,1
shcal20,1100,20,0.683,"[(991, 994), (1001, 1020)]","[(991, 994), (1002, 1020)]",True,1
shcal20,1100,20,0.954,"[(904, 917), (971, 984), (986, 1024)]","[(904, 917), (971, 983), (986, 1024)]",True,1
shcal20,1150,20,0.683,"[(899, 926), (966, 989)]","[(899, 925), (966, 989)]",True,1
shcal20,1150,20,0.954,"[(894, 945), (950, 991)]","[(894, 943), (950, 991)]",True,2
shcal20,1200,20,0.683,"[(776, 780), (883, 897), (930, 962)]","[(776, 780), (883, 896), (930, 962)]",True,1
shcal20,1200,20,0.954,"[(775, 786), (794, 814), (855, 866), (869, 905), (917, 972), (980, 987)]","[(775, 786), (794, 814), (858, 866), (869, 905), (917, 972), (980, 987)]",True,3
shcal20,1250,20,0.683,"[(774, 775), (782, 806), (810, 810), (813, 813), (840, 880)]","[(774, 775), (782, 806), (840, 880)]",False,
shcal20,1250,20,0.954,"[(774, 776), (779, 886)]","[(774, 776), (779, 885)]",True,1
shcal20,1300,20,0.683,"[(688, 739), (772, 773), (820, 829)]","[(689, 739), (772, 773), (820, 829)]",True,1
shcal20,1300,20,0.954,"[(683, 746), (770, 774), (785, 861)]","[(683, 746), (770, 774), (785, 857)]",True,4
shcal20,1350,20,0.683,"[(675, 688), (708, 712), (739, 771)]","[(675, 688), (739, 771)]",False,
shcal20,1350,20,0.954,"[(668, 691), (699, 771)]","[(669, 691), (699, 771)]",True,1
shcal20,1400,20,0.683,"[(651, 676), (763, 764)]","[(651, 676)]",False,
shcal20,1400,20,0.954,"[(645, 681), (747, 768)]","[(646, 681), (748, 768)]",True,1
shcal20,1450,20,0.683,"[(608, 610), (637, 657)]","[(608, 610), (637, 656)]",True,1
shcal20,1450,20,0.954,"[(599, 621), (632, 666)]","[(599, 620), (632, 665)]",True,1
shcal20,1500,20,0.683,"[(598, 636)]","[(598, 608), (611, 636)]",False,
shcal20,1500,20,0.954,"[(552, 553), (578, 644)]","[(578, 644)]",False,
shcal20,1550,20,0.683,"[(542, 565), (569, 590)]","[(542, 565), (570, 590)]",True,1
shcal20,1550,20,0.954,"[(525, 607), (615, 635)]","[(525, 606), (615, 635)]",True,1
shcal20,1600,20,0.683,"[(439, 452), (471, 512), (519, 541), (566, 569)]","[(439, 451), (471, 512), (519, 541), (566, 569)]",True,1
shcal20,1600,20,0.954,"[(426, 546), (559, 574)]","[(426, 546), (560, 574)]",True,1
shcal20,1650,20,0.683,"[(415, 474), (510, 520)]","[(415, 474), (511, 520)]",True,1
shcal20,1650,20,0.954,"[(391, 399), (411, 527)]","[(391, 398), (411, 527)]",True,1
shcal20,1700,20,0.683,"[(373, 380), (382, 413)]","[(373, 377), (382, 413)]",True,3
shcal20,1700,20,0.954,"[(341, 353), (359, 428)]","[(341, 352), (359, 428)]",True,1
shcal20,1750,20,0.683,"[(256, 291), (337, 366)]","[(256, 290), (338, 366)]",True,1
shcal20,1750,20,0.954,"[(252, 302), (319, 388), (401, 409)]","[(252, 301), (319, 388), (401, 409)]",True,1
shcal20,1800,20,0.683,"[(246, 256), (291, 337)]","[(247, 256), (291, 337)]",True,1
shcal20,1800,20,0.954,"[(228, 236), (240, 341), (353, 359)]","[(228, 236), (241, 341), (353, 359)]",True,1
shcal20,1850,20,0.683,"[(144, 146), (169, 174), (204, 247)]","[(145, 146), (169, 174), (204, 247)]",True,1
shcal20,1850,20,0.954,"[(131, 183), (199, 250), (301, 319)]","[(131, 183), (199, 250), (301, 318)]",True,1
shcal20,1900,20,0.683,"[(124, 143), (149, 168), (175, 189), (192, 203)]","[(124, 143), (149, 168), (176, 189), (192, 203)]",True,1
shcal20,1900,20,0.954,"[(83, 95), (116, 221)]","[(84, 95), (116, 221)]",True,1
shcal20,1950,20,0.683,"[(70, 119)]","[(71, 119)]",True,1
shcal20,1950,20,0.954,"[(28, 49), (57, 133), (182, 199)]","[(28, 49), (57, 132), (182, 199)]",True,1
shcal20,2000,20,0.683,"[(-35, -23), (23, 66)]","[(-35, -23), (23, 65)]",True,1
shcal20,2000,20,0.954,"[(-43, -4), (18, 81), (99, 113)]","[(-43, -6), (18, 81), (99, 113)]",True,2
shcal20,2050,20,0.683,"[(-49, -39), (-20, 20)]","[(-49, -39), (-19, 20)]",True,1
shcal20,2050,20,0.954,"[(-58, 30), (42, 55)]","[(-58, 29), (42, 55)]",True,1
shcal20,2100,20,0.683,"[(-128, -128), (-104, -50)]","[(-104, -50)]",False,
shcal20,2100,20,0.954,"[(-140, -46), (-13, -13), (-11, -10), (-3, 16)]","[(-140, -46), (-3, 16)]",False,
shcal20,2150,20,0.683,"[(-152, -95), (-77, -69)]","[(-152, -96), (-77, -69)]",True,1
shcal20,2150,20,0.954,"[(-334, -330), (-182, -59)]","[(-182, -60)]",False,
shcal20,2200,20,0.683,"[(-341, -321), (-190, -151)]","[(-341, -322), (-190, -151)]",True,1
shcal20,2200,20,0.954,"[(-355, -284), (-200, -136), (-119, -111)]","[(-354, -284), (-199, -136), (-119, -111)]",True,1
shcal20,2250,20,0.683,"[(-359, -334), (-330, -279), (-226, -222), (-204, -188)]","[(-359, -335), (-329, -279), (-226, -222), (-204, -188)]",True,1
shcal20,2250,20,0.954,"[(-378, -243), (-232, -184)]","[(-377, -243), (-232, -184)]",True,1
shcal20,2300,20,0.683,"[(-382, -359), (-280, -238), (-235, -204)]","[(-382, -359), (-280, -239), (-235, -204)]",True,1
shcal20,2300,20,0.954,"[(-391, -348), (-314, -197)]","[(-391, -348), (-312, -197)]",True,2
shcal20,2350,20,0.683,"[(-401, -368), (-274, -258), (-245, -230), (-214, -210)]","[(-401, -369), (-274, -258), (-245, -231), (-214, -210)]",True,1
shcal20,2350,20,0.954,"[(-408, -353), (-289, -203)]","[(-407, -355), (-286, -203)]",True,3
shcal20,2400,20,0.683,"[(-477, -432), (-421, -389)]","[(-476, -433), (-421, -389)]",True,1
shcal20,2400,20,0.954,"[(-716, -709), (-660, -652), (-542, -379), (-241, -233)]","[(-716, -709), (-659, -653), (-541, -380), (-240, -234)]",True,1
shcal20,2450,20,0.683,"[(-538, -528), (-519, -407)]","[(-537, -528), (-518, -407)]",True,1
shcal20,2450,20,0.954,"[(-745, -689), (-663, -644), (-563, -555), (-553, -553), (-550, -398)]","[(-745, -689), (-663, -644), (-562, -557), (-549, -398)]",False,
shcal20,2500,20,0.683,"[(-750, -683), (-665, -633), (-620, -613), (-589, -514), (-498, -486)]","[(-750, -683), (-665, -633), (-620, -613), (-589, -575), (-572, -514), (-498, -486)]",False,
shcal20,2500,20,0.954,"[(-757, -678), (-670, -454), (-443, -415)]","[(-756, -678), (-670, -602), (-598, -455), (-443, -415)]",False,
shcal20,2550,20,0.683,"[(-772, -747), (-687, -664), (-642, -564), (-554, -554)]","[(-771, -747), (-687, -664), (-642, -565)]",False,
shcal20,2550,20,0.954,"[(-787, -715), (-710, -659), (-654, -540), (-525, -521)]","[(-787, -715), (-709, -659), (-654, -540)]",False,
shcal20,2600,20,0.683,"[(-799, -755), (-678, -670), (-606, -595)]","[(-799, -756), (-678, -670), (-605, -595)]",True,1
shcal20,2600,20,0.954,"[(-804, -747), (-686, -665), (-642, -563), (-556, -549)]","[(-804, -747), (-686, -665), (-642, -565), (-553, -551)]",True,3
shcal20,2650,20,0.683,"[(-806, -785), (-781, -780)]","[(-806, -786)]",False,
shcal20,2650,20,0.954,"[(-829, -763)]","[(-818, -772)]",True,11
shcal20,2700,20,0.683,"[(-889, -883), (-831, -797)]","[(-887, -884), (-831, -797)]",True,2
shcal20,2700,20,0.954,"[(-897, -855), (-847, -791)]","[(-897, -858), (-845, -791)]",True,3
shcal20,2750,20,0.683,"[(-896, -867), (-865, -865), (-854, -819)]","[(-896, -867), (-854, -819)]",False,
shcal20,2750,20,0.954,"[(-916, -807)]","[(-914, -807)]",True,2
shcal20,2800,20,0.683,"[(-966, -957), (-929, -892), (-877, -834)]","[(-966, -958), (-929, -893), (-877, -834)]",True,1
shcal20,2800,20,0.954,"[(-998, -997), (-994, -829)]","[(-990, -829)]",False,
shcal20,2850,20,0.683,"[(-1005, -924)]","[(-1004, -925)]",True,1
shcal20,2850,20,0.954,"[(-1073, -1072), (-1051, -896), (-872, -843)]","[(-1051, -896), (-871, -845)]",False,
shcal20,2900,20,0.683,"[(-1108, -1089), (-1085, -1085), (-1083, -1064), (-1056, -984)]","[(-1108, -1091), (-1083, -1064), (-1056, -984)]",False,
shcal20,2900,20,0.954,"[(-1185, -1180), (-1151, -1148), (-1124, -924)]","[(-1183, -1181), (-1150, -1149), (-1124, -924)]",True,2
shcal20,2950,20,0.683,"[(-1191, -1175), (-1157, -1144), (-1127, -1047), (-1025, -1021)]","[(-1191, -1175), (-1157, -1144), (-1127, -1047), (-1024, -1022)]",True,1
shcal20,2950,20,0.954,"[(-1212, -1012)]","[(-1210, -1012)]",True,2
shcal20,3000,20,0.683,"[(-1253, -1249), (-1222, -1122)]","[(-1252, -1250), (-1221, -1122)]",True,1
shcal20,3000,20,0.954,"[(-1275, -1275), (-1271, -1052)]","[(-1269, -1052)]",False,
shcal20,3050,20,0.683,"[(-1371, -1352), (-1298, -1211)]","[(-1371, -1352), (-1297, -1212)]",True,1
shcal20,3050,20,0.954,"[(-1385, -1337), (-1318, -1187), (-1181, -1156), (-1145, -1126)]","[(-1384, -1338), (-1317, -1188), (-1180, -1156), (-1144, -1127)]",True,1
shcal20,3100,20,0.683,"[(-1388, -1335), (-1321, -1275), (-1272, -1272)]","[(-1388, -1335), (-1321, -1276)]",False,
shcal20,3100,20,0.954,"[(-1411, -1256), (-1246, -1225)]","[(-1410, -1256), (-1245, -1226)]",True,1
shcal20,3150,20,0.683,"[(-1421, -1380), (-1341, -1308)]","[(-1421, -1381), (-1340, -1308)]",True,1
shcal20,3150,20,0.954,"[(-1437, -1284)]","[(-1436, -1286)]",True,2
shcal20,3200,20,0.683,"[(-1491, -1480), (-1452, -1408)]","[(-1490, -1480), (-1452, -1408)]",True,1
shcal20,3200,20,0.954,"[(-1496, -1387), (-1336, -1319)]","[(-1496, -1387), (-1335, -1321)]",True,2
shcal20,3250,20,0.683,"[(-1498, -1450)]","[(-1498, -1464), (-1462, -1450)]",False,
shcal20,3250,20,0.954,"[(-1528, -1526), (-1504, -1421)]","[(-1504, -1422)]",False,
shcal20,3300,20,0.683,"[(-1597, -1592), (-1535, -1497), (-1471, -1463)]","[(-1597, -1592), (-1535, -1497), (-1470, -1465)]",True,2
shcal20,3300,20,0.954,"[(-1613, -1574), (-1539, -1490), (-1482, -1448)]","[(-1612, -1574), (-1539, -1490), (-1481, -1448)]",True,1
shcal20,3350,20,0.683,"[(-1614, -1596), (-1592, -1559), (-1547, -1536)]","[(-1614, -1597), (-1592, -1559), (-1547, -1536)]",True,1
shcal20,3350,20,0.954,"[(-1664, -1661), (-1638, -1530), (-1524, -1505)]","[(-1638, -1530), (-1524, -1505)]",False,
shcal20,3400,20,0.683,"[(-1687, -1618), (-1556, -1549)]","[(-1687, -1618), (-1555, -1549)]",True,1
shcal20,3400,20,0.954,"[(-1740, -1709), (-1697, -1607), (-1605, -1601), (-1576, -1541)]","[(-1740, -1709), (-1697, -1608), (-1604, -1601), (-1576, -1541)]",True,1
shcal20,3450,20,0.683,"[(-1747, -1667), (-1650, -1643)]","[(-1747, -1668), (-1650, -1643)]",True,1
shcal20,3450,20,0.954,"[(-1870, -1846), (-1813, -1806), (-1772, -1624)]","[(-1870, -1846), (-1772, -1624)]",False,
shcal20,3500,20,0.683,"[(-1873, -1843), (-1819, -1798), (-1776, -1741), (-1708, -1700)]","[(-1873, -1844), (-1818, -1798), (-1776, -1741), (-1707, -1700)]",True,1
shcal20,3500,20,0.954,"[(-1881, -1734), (-1716, -1692)]","[(-1880, -1735), (-1716, -1693)]",True,1
shcal20,3550,20,0.683,"[(-1889, -1869), (-1847, -1772)]","[(-1888, -1869), (-1846, -1772)]",True,1
shcal20,3550,20,0.954,"[(-1927, -1746)]","[(-1924, -1747)]",True,3
shcal20,3600,20,0.683,"[(-1955, -1879), (-1838, -1826)]","[(-1954, -1879), (-1837, -1826)]",True,1
shcal20,3600,20,0.954,"[(-2021, -1993), (-1980, -1871), (-1845, -1814), (-1802, -1775)]","[(-2020, -1994), (-1980, -1872), (-1845, -1815), (-1801, -1775)]",True,1
shcal20,3650,20,0.683,"[(-2025, -1990), (-1984, -1930)]","[(-2025, -1991), (-1983, -1932)]",True,2
shcal20,3650,20,0.954,"[(-2120, -2095), (-2038, -1886)]","[(-2117, -2095), (-2036, -1887)]",True,3
shcal20,3700,20,0.683,"[(-2131, -2084), (-2050, -2014), (-1998, -1975)]","[(-2131, -2085), (-2050, -2014), (-1998, -1976)]",True,1
shcal20,3700,20,0.954,"[(-2139, -1944)]","[(-2138, -1945)]",True,1
shcal20,3750,20,0.683,"[(-2192, -2177), (-2142, -2117), (-2096, -2037)]","[(-2192, -2178), (-2142, -2117), (-2095, -2037)]",True,1
shcal20,3750,20,0.954,"[(-2201, -2023), (-1991, -1982)]","[(-2200, -2024), (-1991, -1983)]",True,1
shcal20,3800,20,0.683,"[(-2277, -2253), (-2206, -2135), (-2071, -2067)]","[(-2277, -2253), (-2206, -2135), (-2071, -2069)]",True,2
shcal20,3800,20,0.954,"[(-2288, -2127), (-2090, -2040)]","[(-2287, -2128), (-2089, -2042)]",True,2
shcal20,3850,20,0.683,"[(-2332, -2332), (-2329, -2329), (-2295, -2199), (-2159, -2152)]","[(-2295, -2199), (-2158, -2152)]",False,
shcal20,3850,20,0.954,"[(-2434, -2423), (-2403, -2378), (-2348, -2189), (-2183, -2140)]","[(-2434, -2424), (-2403, -2379), (-2348, -2190), (-2181, -2140)]",True,2
shcal20,3900,20,0.683,"[(-2452, -2419), (-2405, -2374), (-2352, -2287), (-2243, -2238)]","[(-2452, -2419), (-2405, -2374), (-2351, -2287), (-2242, -2238)]",True,1
shcal20,3900,20,0.954,"[(-2459, -2277), (-2252, -2207)]","[(-2459, -2278), (-2252, -2207)]",True,1
shcal20,3950,20,0.683,"[(-2464, -2400), (-2381, -2346)]","[(-2464, -2401), (-2381, -2346)]",True,1
shcal20,3950,20,0.954,"[(-2472, -2289)]","[(-2471, -2291)]",True,2
shcal20,4000,20,0.683,"[(-2566, -2526), (-2496, -2456), (-2413, -2412)]","[(-2566, -2527), (-2496, -2456)]",False,
shcal20,4000,20,0.954,"[(-2571, -2511), (-2502, -2399), (-2382, -2347)]","[(-2571, -2513), (-2501, -2400), (-2380, -2347)]",True,2
shcal20,200,40,0.683,"[(1668, 1699), (1722, 1785), (1793, 1810), (1838, 1845), (1869, 1876), (1928, 1938), (1944, 1950)]","[(1668, 1699), (1722, 1785), (1793, 1810), (1838, 1845), (1869, 1876), (1928, 1938), (1944, 1949)]",True,1
shcal20,200,40,0.954,"[(1659, 1824), (1828, 1828), (1830, 1893), (1921, 1950)]","[(1660, 1824), (1830, 1893), (1922, 1949)]",False,
shcal20,250,40,0.683,"[(1649, 1674), (1736, 1799)]","[(1649, 1674), (1737, 1799)]",True,1
shcal20,250,40,0.954,"[(1512, 1545), (1626, 1701), (1704, 1708), (1721, 1811), (1837, 1849), (1868, 1878), (1926, 1950)]","[(1512, 1545), (1626, 1701), (1721, 1811), (1837, 1849), (1868, 1878), (1926, 1949)]",False,
shcal20,300,40,0.683,"[(1511, 1549), (1562, 1575), (1624, 1667), (1786, 1792)]","[(1511, 1548), (1562, 1575), (1624, 1667), (1786, 1792)]",True,1
shcal20,300,40,0.954,"[(1503, 1596), (1615, 1674), (1737, 1799)]","[(1503, 1596), (1615, 1674), (1737, 1798)]",True,1
shcal20,350,40,0.683,"[(1506, 1591), (1619, 1635)]","[(1506, 1590), (1619, 1635)]",True,1
shcal20,350,40,0.954,"[(1463, 1471), (1480, 1650)]","[(1463, 1471), (1481, 1650)]",True,1
shcal20,400,40,0.683,"[(1458, 1509), (1551, 1558), (1581, 1622)]","[(1458, 1509), (1552, 1558), (1582, 1622)]",True,1
shcal20,400,40,0.954,"[(1455, 1627)]","[(1455, 1517), (1521, 1627)]",False,
shcal20,450,40,0.683,"[(1446, 1500), (1601, 1611)]","[(1446, 1499), (1601, 1611)]",True,1
shcal20,450,40,0.954,"[(1426, 1511), (1547, 1565), (1571, 1623)]","[(1426, 1511), (1547, 1563), (1571, 1623)]",True,2
shcal20,500,40,0.683,"[(1421, 1456)]","[(1422, 1456)]",True,1
shcal20,500,40,0.954,"[(1403, 1498), (1602, 1609)]","[(1403, 1498), (1603, 1609)]",True,1
shcal20,550,40,0.683,"[(1406, 1440)]","[(1407, 1440)]",True,1
shcal20,550,40,0.954,"[(1327, 1340), (1392, 1454)]","[(1327, 1339), (1392, 1454)]",True,1
shcal20,600,40,0.683,"[(1325, 1345), (1391, 1421)]","[(1325, 1344), (1391, 1421)]",True,1
shcal20,600,40,0.954,"[(1315, 1359), (1382, 1443)]","[(1316, 1359), (1382, 1443)]",True,1
shcal20,650,40,0.683,"[(1315, 1359), (1382, 1399)]","[(1316, 1359), (1382, 1399)]",True,1
shcal20,650,40,0.954,"[(1295, 1408)]","[(1296, 1408)]",True,1
shcal20,700,40,0.683,"[(1293, 1320), (1353, 1386)]","[(1293, 1319), (1354, 1386)]",True,1
shcal20,700,40,0.954,"[(1283, 1330), (1332, 1393)]","[(1283, 1329), (1332, 1393)]",True,1
shcal20,750,40,0.683,"[(1274, 1312), (1361, 1381)]","[(1274, 1305), (1308, 1312), (1361, 1381)]",False,
shcal20,750,40,0.954,"[(1227, 1254), (1262, 1322), (1350, 1388)]","[(1227, 1253), (1262, 1322), (1350, 1388)]",True,1
shcal20,800,40,0.683,"[(1227, 1254), (1262, 1284)]","[(1227, 1254), (1263, 1284)]",True,1
shcal20,800,40,0.954,"[(1188, 1194), (1210, 1301), (1363, 1380)]","[(1188, 1194), (1211, 1301), (1363, 1379)]",True,1
shcal20,850,40,0.683,"[(1213, 1273)]","[(1213, 1272)]",True,1
shcal20,850,40,0.954,"[(1160, 1171), (1179, 1282)]","[(1160, 1171), (1179, 1281)]",True,1
shcal20,900,40,0.683,"[(1154, 1225), (1257, 1258), (1260, 1260)]","[(1154, 1225), (1257, 1258)]",False,
shcal20,900,40,0.954,"[(1048, 1085), (1112, 1117), (1137, 1273)]","[(1048, 1085), (1112, 1117), (1138, 1273)]",True,1
shcal20,950,40,0.683,"[(1048, 1086), (1109, 1119), (1134, 1184), (1200, 1207)]","[(1048, 1085), (1110, 1119), (1135, 1184), (1200, 1206)]",True,1
shcal20,950,40,0.954,"[(1034, 1213)]","[(1034, 1212)]",True,1
shcal20,1000,40,0.683,"[(1029, 1051), (1063, 1067), (1082, 1147)]","[(1029, 1050), (1064, 1067), (1082, 1147)]",True,1
shcal20,1000,40,0.954,"[(995, 1001), (1020, 1161), (1169, 1180)]","[(995, 1001), (1020, 1161), (1169, 1179)]",True,1
shcal20,1050,40,0.683,"[(993, 1046), (1087, 1107), (1122, 1132)]","[(993, 1046), (1087, 1106), (1122, 1132)]",True,1
shcal20,1050,40,0.954,"[(974, 978), (989, 1153)]","[(975, 978), (989, 1153)]",True,1
shcal20,1100,40,0.683,"[(904, 918), (971, 984), (986, 1024)]","[(904, 918), (971, 983), (986, 1024)]",True,1
shcal20,1100,40,0.954,"[(891, 1044), (1089, 1096), (1100, 1102), (1124, 1129)]","[(891, 1044), (1090, 1096), (1125, 1128)]",False,
shcal20,1150,40,0.683,"[(894, 936), (956, 991)]","[(895, 936), (956, 991)]",True,1
shcal20,1150,40,0.954,"[(775, 781), (880, 1022)]","[(775, 781), (880, 1021)]",True,1
shcal20,1200,40,0.683,"[(775, 784), (797, 810), (871, 904), (918, 971), (982, 986)]","[(775, 784), (797, 810), (871, 904), (918, 971), (983, 986)]",True,1
shcal20,1200,40,0.954,"[(774, 819), (833, 989)]","[(774, 818), (833, 989)]",True,1
shcal20,1250,40,0.683,"[(774, 775), (780, 821), (826, 884)]","[(774, 775), (780, 821), (827, 884)]",True,1
shcal20,1250,40,0.954,"[(688, 740), (772, 897), (929, 962)]","[(688, 740), (772, 897), (930, 962)]",True,1
shcal20,1300,40,0.683,"[(684, 745), (770, 774), (787, 795), (812, 850)]","[(684, 744), (770, 774), (787, 794), (812, 850)]",True,1
shcal20,1300,40,0.954,"[(678, 774), (782, 880)]","[(678, 763), (765, 774), (782, 880)]",False,
shcal20,1350,40,0.683,"[(670, 690), (701, 723), (735, 771)]","[(670, 690), (701, 723), (736, 771)]",True,1
shcal20,1350,40,0.954,"[(648, 773), (788, 792), (813, 843)]","[(648, 773), (788, 792), (813, 842)]",True,1
shcal20,1400,40,0.683,"[(646, 681), (748, 768)]","[(646, 681), (749, 768)]",True,1
shcal20,1400,40,0.954,"[(606, 614), (636, 691), (699, 771)]","[(606, 613), (636, 691), (699, 771)]",True,1
shcal20,1450,40,0.683,"[(600, 620), (632, 665)]","[(600, 620), (633, 665)]",True,1
shcal20,1450,40,0.954,"[(578, 681), (748, 768)]","[(579, 681), (748, 768)]",True,1
shcal20,1500,40,0.683,"[(582, 641)]","[(583, 641)]",True,1
shcal20,1500,40,0.954,"[(535, 657)]","[(536, 657)]",True,1
shcal20,1550,40,0.683,"[(528, 603), (618, 634)]","[(528, 602), (618, 634)]",True,1
shcal20,1550,40,0.954,"[(437, 456), (467, 639)]","[(437, 456), (468, 514), (517, 639)]",False,
shcal20,1600,40,0.683,"[(435, 456), (465, 542), (564, 571)]","[(435, 456), (467, 542), (564, 571)]",True,2
shcal20,1600,40,0.954,"[(415, 591)]","[(416, 591)]",True,1
shcal20,1650,40,0.683,"[(414, 500), (507, 523)]","[(414, 499), (508, 523)]",True,1
shcal20,1650,40,0.954,"[(366, 543), (563, 571)]","[(366, 543), (564, 571)]",True,1
shcal20,1700,40,0.683,"[(260, 266), (339, 431)]","[(260, 265), (339, 431)]",True,1
shcal20,1700,40,0.954,"[(253, 297), (333, 501), (506, 523)]","[(253, 297), (333, 501), (507, 523)]",True,1
shcal20,1750,40,0.683,"[(253, 298), (332, 385)]","[(253, 298), (333, 385)]",True,1
shcal20,1750,40,0.954,"[(248, 415)]","[(248, 414)]",True,1
shcal20,1800,40,0.683,"[(243, 340), (354, 357)]","[(243, 340), (355, 357)]",True,1
shcal20,1800,40,0.954,"[(140, 153), (165, 178), (202, 384)]","[(140, 153), (165, 177), (202, 384)]",True,1
shcal20,1850,40,0.683,"[(134, 181), (200, 250), (306, 313)]","[(134, 181), (200, 250), (306, 311)]",True,2
shcal20,1850,40,0.954,"[(118, 259), (266, 339)]","[(118, 258), (266, 339)]",True,1
shcal20,1900,40,0.683,"[(118, 217)]","[(118, 216)]",True,1
shcal20,1900,40,0.954,"[(64, 246)]","[(65, 246)]",True,1
shcal20,1950,40,0.683,"[(30, 43), (58, 131), (182, 199)]","[(30, 40), (42, 43), (58, 131), (182, 198)]",False,
shcal20,1950,40,0.954,"[(-40, -19), (20, 208)]","[(-39, -19), (20, 208)]",True,1
shcal20,2000,40,0.683,"[(-42, -16), (19, 78), (101, 111)]","[(-42, -16), (19, 77), (101, 111)]",True,1
shcal20,2000,40,0.954,"[(-52, 124), (189, 191)]","[(-52, 123), (189, 191)]",True,1
shcal20,2050,40,0.683,"[(-56, 27), (48, 55)]","[(-56, 27), (49, 55)]",True,1
shcal20,2050,40,0.954,"[(-132, -124), (-106, 75), (103, 109)]","[(-131, -124), (-106, 74), (103, 109)]",True,1
shcal20,2100,40,0.683,"[(-137, -119), (-111, -46), (1, 15)]","[(-137, -119), (-111, -47), (1, 15)]",True,1
shcal20,2100,40,0.954,"[(-178, 25)]","[(-177, 25)]",True,1
shcal20,2150,40,0.683,"[(-171, -171), (-168, -89), (-81, -64)]","[(-168, -89), (-81, -64)]",False,
shcal20,2150,40,0.954,"[(-349, -311), (-193, -47), (3, 14)]","[(-348, -311), (-193, -47), (3, 14)]",True,1
shcal20,2200,40,0.683,"[(-350, -305), (-197, -136), (-120, -110)]","[(-350, -305), (-197, -136), (-119, -111)]",True,1
shcal20,2200,40,0.954,"[(-368, -273), (-258, -245), (-230, -216), (-207, -88), (-82, -63)]","[(-368, -274), (-258, -246), (-230, -216), (-207, -88), (-82, -63)]",True,1
shcal20,2250,40,0.683,"[(-364, -275), (-255, -247), (-229, -217), (-207, -185)]","[(-364, -276), (-254, -248), (-229, -217), (-207, -185)]",True,1
shcal20,2250,40,0.954,"[(-384, -159)]","[(-384, -161)]",True,2
shcal20,2300,40,0.683,"[(-386, -355), (-285, -201)]","[(-386, -355), (-284, -201)]",True,1
shcal20,2300,40,0.954,"[(-397, -339), (-323, -190)]","[(-397, -340), (-323, -190)]",True,1
shcal20,2350,40,0.683,"[(-403, -361), (-277, -227), (-220, -206)]","[(-403, -361), (-277, -227), (-219, -206)]",True,1
shcal20,2350,40,0.954,"[(-510, -505), (-479, -344), (-318, -194)]","[(-510, -505), (-478, -430), (-423, -344), (-318, -194)]",False,
shcal20,2400,40,0.683,"[(-537, -528), (-517, -386)]","[(-537, -529), (-517, -386)]",True,1
shcal20,2400,40,0.954,"[(-744, -690), (-663, -644), (-561, -558), (-549, -357), (-281, -205)]","[(-744, -690), (-663, -644), (-561, -559), (-548, -357), (-281, -205)]",True,1
shcal20,2450,40,0.683,"[(-721, -706), (-660, -651), (-542, -403)]","[(-719, -707), (-660, -651), (-542, -403)]",True,2
shcal20,2450,40,0.954,"[(-752, -682), (-666, -631), (-623, -609), (-591, -394)]","[(-751, -682), (-666, -631), (-623, -609), (-591, -395)]",True,1
shcal20,2500,40,0.683,"[(-751, -682), (-666, -631), (-623, -610), (-591, -511), (-504, -480)]","[(-751, -682), (-666, -632), (-622, -610), (-590, -511), (-504, -481)]",True,1
shcal20,2500,40,0.954,"[(-760, -676), (-672, -414)]","[(-760, -677), (-672, -414)]",True,1
shcal20,2550,40,0.683,"[(-775, -737), (-692, -663), (-647, -546)]","[(-774, -738), (-692, -663), (-647, -546)]",True,1
shcal20,2550,40,0.954,"[(-793, -477), (-432, -424), (-422, -422)]","[(-793, -477), (-432, -424)]",False,
shcal20,2600,40,0.683,"[(-803, -750), (-683, -666), (-634, -618), (-614, -589), (-576, -571)]","[(-803, -750), (-683, -666), (-634, -620), (-613, -589), (-576, -572)]",True,2
shcal20,2600,40,0.954,"[(-812, -717), (-708, -661), (-653, -541)]","[(-811, -717), (-708, -661), (-653, -541)]",True,1
shcal20,2650,40,0.683,"[(-827, -769)]","[(-826, -769)]",True,1
shcal20,2650,40,0.954,"[(-897, -855), (-848, -748), (-685, -665), (-639, -568)]","[(-897, -855), (-847, -748), (-685, -665), (-638, -568)]",True,1
shcal20,2700,40,0.683,"[(-894, -872), (-837, -793)]","[(-894, -872), (-836, -793)]",True,1
shcal20,2700,40,0.954,"[(-909, -776)]","[(-908, -776)]",True,1
shcal20,2750,40,0.683,"[(-898, -817)]","[(-897, -817)]",True,1
shcal20,2750,40,0.954,"[(-976, -950), (-935, -797)]","[(-976, -950), (-934, -797)]",True,1
shcal20,2800,40,0.683,"[(-974, -953), (-933, -889), (-882, -832)]","[(-973, -953), (-932, -889), (-882, -832)]",True,1
shcal20,2800,40,0.954,"[(-1011, -811)]","[(-1010, -811)]",True,1
shcal20,2850,40,0.683,"[(-1042, -1034), (-1015, -904)]","[(-1041, -1034), (-1015, -904)]",True,1
shcal20,2850,40,0.954,"[(-1110, -892), (-879, -834)]","[(-1109, -892), (-879, -834)]",True,1
shcal20,2900,40,0.683,"[(-1113, -978), (-947, -936)]","[(-1112, -978), (-947, -936)]",True,1
shcal20,2900,40,0.954,"[(-1199, -1168), (-1166, -1166), (-1164, -1142), (-1130, -908)]","[(-1198, -1169), (-1164, -1142), (-1130, -908)]",False,
shcal20,2950,40,0.683,"[(-1196, -1170), (-1161, -1142), (-1130, -1043), (-1031, -1017)]","[(-1196, -1171), (-1161, -1142), (-1130, -1043), (-1031, -1017)]",True,1
shcal20,2950,40,0.954,"[(-1258, -1241), (-1233, -978), (-948, -936)]","[(-1258, -1241), (-1232, -979), (-948, -936)]",True,1
shcal20,3000,40,0.683,"[(-1261, -1111)]","[(-1261, -1112)]",True,1
shcal20,3000,40,0.954,"[(-1374, -1350), (-1299, -1042), (-1033, -1016)]","[(-1373, -1350), (-1299, -1042), (-1033, -1016)]",True,1
shcal20,3050,40,0.683,"[(-1377, -1344), (-1303, -1198), (-1169, -1165), (-1140, -1132)]","[(-1377, -1344), (-1303, -1199), (-1168, -1165), (-1140, -1132)]",True,1
shcal20,3050,40,0.954,"[(-1403, -1117)]","[(-1402, -1118)]",True,1
shcal20,3100,40,0.683,"[(-1395, -1331), (-1326, -1265)]","[(-1395, -1331), (-1325, -1265)]",True,1
shcal20,3100,40,0.954,"[(-1427, -1200), (-1138, -1134)]","[(-1427, -1201), (-1138, -1134)]",True,1
shcal20,3150,40,0.683,"[(-1430, -1372), (-1350, -1300)]","[(-1430, -1373), (-1350, -1300)]",True,1
shcal20,3150,40,0.954,"[(-1492, -1478), (-1456, -1259), (-1241, -1234)]","[(-1492, -1478), (-1456, -1259), (-1240, -1235)]",True,1
shcal20,3200,40,0.683,"[(-1495, -1471), (-1464, -1398)]","[(-1495, -1471), (-1464, -1399)]",True,1
shcal20,3200,40,0.954,"[(-1528, -1527), (-1504, -1369), (-1354, -1297)]","[(-1528, -1527), (-1504, -1370), (-1353, -1297)]",True,1
shcal20,3250,40,0.683,"[(-1528, -1526), (-1503, -1432)]","[(-1528, -1527), (-1503, -1432)]",True,1
shcal20,3250,40,0.954,"[(-1610, -1576), (-1538, -1398)]","[(-1609, -1576), (-1538, -1399)]",True,1
shcal20,3300,40,0.683,"[(-1609, -1575), (-1539, -1494), (-1476, -1457)]","[(-1609, -1576), (-1539, -1494), (-1476, -1457)]",True,1
shcal20,3300,40,0.954,"[(-1622, -1432)]","[(-1622, -1433)]",True,1
shcal20,3350,40,0.683,"[(-1624, -1532), (-1521, -1508)]","[(-1623, -1532), (-1521, -1508)]",True,1
shcal20,3350,40,0.954,"[(-1735, -1716), (-1690, -1497), (-1471, -1462)]","[(-1735, -1716), (-1689, -1497), (-1471, -1462)]",True,1
shcal20,3400,40,0.683,"[(-1733, -1717), (-1690, -1613), (-1570, -1544)]","[(-1733, -1717), (-1690, -1613), (-1568, -1544)]",True,2
shcal20,3400,40,0.954,"[(-1861, -1856), (-1765, -1757), (-1750, -1533), (-1516, -1511)]","[(-1860, -1856), (-1765, -1757), (-1749, -1533), (-1516, -1511)]",True,1
shcal20,3450,40,0.683,"[(-1857, -1856), (-1765, -1757), (-1749, -1628)]","[(-1765, -1757), (-1749, -1628)]",False,
shcal20,3450,40,0.954,"[(-1878, -1839), (-1825, -1787), (-1785, -1614), (-1560, -1546)]","[(-1878, -1839), (-1825, -1787), (-1785, -1614), (-1560, -1547)]",True,1
shcal20,3500,40,0.683,"[(-1876, -1841), (-1823, -1790), (-1780, -1738), (-1711, -1695)]","[(-1876, -1841), (-1823, -1791), (-1780, -1738), (-1711, -1695)]",True,1
shcal20,3500,40,0.954,"[(-1919, -1912), (-1899, -1666), (-1651, -1641)]","[(-1918, -1912), (-1899, -1666), (-1651, -1641)]",True,1
shcal20,3550,40,0.683,"[(-1896, -1862), (-1855, -1766), (-1756, -1750)]","[(-1895, -1862), (-1855, -1766), (-1756, -1751)]",True,1
shcal20,3550,40,0.954,"[(-2007, -2002), (-1969, -1968), (-1957, -1737), (-1713, -1695)]","[(-2007, -2003), (-1957, -1737), (-1713, -1695)]",False,
shcal20,3600,40,0.683,"[(-2011, -2000), (-1973, -1877), (-1840, -1823), (-1790, -1781)]","[(-2011, -2000), (-1973, -1877), (-1840, -1824), (-1790, -1781)]",True,1
shcal20,3600,40,0.954,"[(-2031, -1861), (-1859, -1859), (-1856, -1766), (-1756, -1750)]","[(-2031, -1861), (-1855, -1766), (-1756, -1750)]",False,
shcal20,3650,40,0.683,"[(-2030, -1918), (-1912, -1899)]","[(-2030, -1919), (-1912, -1900)]",True,1
shcal20,3650,40,0.954,"[(-2135, -2075), (-2068, -1878), (-1839, -1825), (-1786, -1783)]","[(-2135, -2075), (-2065, -1878), (-1839, -1825), (-1786, -1784)]",True,3
shcal20,3700,40,0.683,"[(-2133, -2080), (-2059, -2009), (-2001, -1970), (-1966, -1966), (-1964, -1964), (-1962, -1959)]","[(-2133, -2080), (-2059, -2009), (-2001, -1970), (-1960, -1959)]",False,
shcal20,3700,40,0.954,"[(-2195, -2170), (-2145, -1919), (-1911, -1900)]","[(-2195, -2170), (-2145, -1919), (-1908, -1900)]",True,3
shcal20,3750,40,0.683,"[(-2195, -2172), (-2145, -2034)]","[(-2195, -2172), (-2144, -2034)]",True,1
shcal20,3750,40,0.954,"[(-2279, -2251), (-2226, -2224), (-2207, -2006), (-2004, -1956)]","[(-2279, -2252), (-2226, -2224), (-2207, -2007), (-2003, -1957)]",True,1
shcal20,3800,40,0.683,"[(-2282, -2249), (-2231, -2218), (-2209, -2133), (-2082, -2056)]","[(-2282, -2249), (-2231, -2218), (-2208, -2133), (-2081, -2056)]",True,1
shcal20,3800,40,0.954,"[(-2340, -2317), (-2315, -2315), (-2309, -2030)]","[(-2340, -2317), (-2307, -2030)]",False,
shcal20,3850,40,0.683,"[(-2340, -2317), (-2307, -2196), (-2169, -2146)]","[(-2340, -2317), (-2307, -2197), (-2169, -2146)]",True,1
shcal20,3850,40,0.954,"[(-2456, -2136)]","[(-2455, -2413), (-2411, -2136)]",False,
shcal20,3900,40,0.683,"[(-2453, -2417), (-2407, -2370), (-2365, -2286), (-2245, -2236)]","[(-2453, -2418), (-2406, -2370), (-2362, -2286), (-2245, -2236)]",True,3
shcal20,3900,40,0.954,"[(-2465, -2201)]","[(-2464, -2201)]",True,1
shcal20,3950,40,0.683,"[(-2467, -2341), (-2316, -2309)]","[(-2467, -2341), (-2314, -2310)]",True,2
shcal20,3950,40,0.954,"[(-2564, -2532), (-2493, -2280), (-2250, -2230), (-2220, -2208)]","[(-2564, -2532), (-2493, -2281), (-2250, -2230), (-2220, -2208)]",True,1
shcal20,4000,40,0.683,"[(-2568, -2517), (-2498, -2451), (-2419, -2405), (-2374, -2351)]","[(-2568, -2517), (-2498, -2452), (-2419, -2405), (-2374, -2351)]",True,1
shcal20,4000,40,0.954,"[(-2577, -2335), (-2327, -2296)]","[(-2577, -2335), (-2326, -2296)]",True,1
intcal20,200,20,0.683,"[(1662, 1678), (1742, 1751), (1765, 1773), (1777, 1788), (1792, 1798), (1942, 1950)]","[(1662, 1677), (1742, 1750), (1765, 1773), (1777, 1788), (1793, 1798), (1942, 1949)]",True,1
intcal20,200,20,0.954,"[(1656, 1684), (1733, 1803), (1928, 1950)]","[(1657, 1684), (1733, 1757), (1759, 1803), (1928, 1949)]",False,
intcal20,250,20,0.683,"[(1643, 1661), (1789, 1792)]","[(1643, 1660), (1789, 1791)]",True,1
intcal20,250,20,0.954,"[(1530, 1539), (1635, 1668), (1781, 1796), (1948, 1950)]","[(1530, 1539), (1635, 1668), (1781, 1796), (1948, 1949)]",True,1
intcal20,300,20,0.683,"[(1525, 1560), (1564, 1571), (1631, 1642)]","[(1525, 1559), (1565, 1571), (1631, 1642)]",True,1
intcal20,300,20,0.954,"[(1510, 1592), (1619, 1648)]","[(1511, 1591), (1620, 1648)]",True,1
intcal20,350,20,0.683,"[(1485, 1521), (1577, 1622)]","[(1488, 1521), (1577, 1622)]",True,3
intcal20,350,20,0.954,"[(1462, 1462), (1472, 1527), (1542, 1544), (1550, 1634)]","[(1472, 1527), (1542, 1544), (1551, 1634)]",False,
intcal20,400,20,0.683,"[(1449, 1482)]","[(1450, 1482)]",True,1
intcal20,400,20,0.954,"[(1445, 1505), (1595, 1617)]","[(1445, 1504), (1597, 1617)]",True,2
intcal20,450,20,0.683,"[(1436, 1451)]","[(1437, 1451)]",True,1
intcal20,450,20,0.954,"[(1425, 1458)]","[(1426, 1457)]",True,1
intcal20,500,20,0.683,"[(1418, 1436)]","[(1419, 1435)]",True,1
intcal20,500,20,0.954,"[(1408, 1441)]","[(1409, 1441)]",True,1
intcal20,550,20,0.683,"[(1330, 1333), (1397, 1420)]","[(1330, 1332), (1397, 1420)]",True,1
intcal20,550,20,0.954,"[(1326, 1353), (1394, 1423)]","[(1326, 1352), (1394, 1423)]",True,1
intcal20,600,20,0.683,"[(1320, 1359), (1390, 1396)]","[(1320, 1329), (1333, 1359), (1390, 1396)]",False,
intcal20,600,20,0.954,"[(1305, 1365), (1383, 1402)]","[(1305, 1364), (1383, 1402)]",True,1
intcal20,650,20,0.683,"[(1297, 1309), (1362, 1387)]","[(1297, 1308), (1362, 1387)]",True,1
intcal20,650,20,0.954,"[(1287, 1322), (1357, 1391)]","[(1288, 1322), (1357, 1391)]",True,1
intcal20,700,20,0.683,"[(1280, 1296)]","[(1280, 1295)]",True,1
intcal20,700,20,0.954,"[(1275, 1301), (1369, 1379)]","[(1276, 1301), (1369, 1379)]",True,1
intcal20,750,20,0.683,"[(1266, 1279)]","[(1267, 1279)]",True,1
intcal20,750,20,0.954,"[(1228, 1245), (1255, 1286)]","[(1229, 1245), (1255, 1285)]",True,1
intcal20,800,20,0.683,"[(1227, 1247), (1249, 1249), (1252, 1262)]","[(1228, 1247), (1253, 1262)]",False,
intcal20,800,20,0.954,"[(1221, 1270)]","[(1221, 1269)]",True,1
intcal20,850,20,0.683,"[(1176, 1193), (1201, 1222)]","[(1177, 1193), (1201, 1222)]",True,1
intcal20,850,20,0.954,"[(1163, 1230), (1243, 1258)]","[(1163, 1229), (1244, 1257)]",True,1
intcal20,900,20,0.683,"[(1052, 1078), (1156, 1178), (1191, 1203)]","[(1052, 1078), (1156, 1178), (1192, 1202)]",True,1
intcal20,900,20,0.954,"[(1047, 1083), (1095, 1102), (1125, 1141), (1147, 1217)]","[(1048, 1083), (1095, 1102), (1125, 1140), (1148, 1217)]",True,1
intcal20,950,20,0.683,"[(1040, 1048), (1082, 1108), (1113, 1134), (1137, 1151)]","[(1040, 1048), (1082, 1108), (1114, 1133), (1138, 1151)]",True,1
intcal20,950,20,0.954,"[(1033, 1053), (1060, 1156)]","[(1034, 1053), (1061, 1156)]",True,1
intcal20,1000,20,0.683,"[(996, 1004), (1019, 1039), (1108, 1113)]","[(996, 1004), (1019, 1039), (1109, 1113)]",True,1
intcal20,1000,20,0.954,"[(994, 1047), (1083, 1095), (1101, 1126), (1140, 1148)]","[(994, 1047), (1083, 1095), (1102, 1126), (1140, 1148)]",True,1
intcal20,1050,20,0.683,"[(993, 996), (1002, 1021)]","[(993, 996), (1002, 1020)]",True,1
intcal20,1050,20,0.954,"[(904, 911), (977, 1027)]","[(905, 911), (977, 1027)]",True,1
intcal20,1100,20,0.683,"[(898, 919), (957, 969), (972, 991)]","[(898, 919), (957, 968), (972, 991)]",True,1
intcal20,1100,20,0.954,"[(893, 933), (936, 936), (939, 993)]","[(893, 933), (939, 993)]",False,
intcal20,1150,20,0.683,"[(776, 781), (880, 898), (920, 956), (969, 972)]","[(776, 781), (880, 897), (920, 956), (969, 972)]",True,1
intcal20,1150,20,0.954,"[(776, 786), (828, 858), (872, 908), (910, 976)]","[(776, 786), (829, 857), (872, 908), (910, 976)]",True,1
intcal20,1200,20,0.683,"[(775, 775), (782, 790), (807, 807), (822, 879)]","[(782, 790), (822, 879)]",False,
intcal20,1200,20,0.954,"[(775, 776), (779, 885)]","[(775, 776), (779, 884)]",True,1
intcal20,1250,20,0.683,"[(690, 696), (703, 741), (773, 774), (791, 799), (811, 819)]","[(690, 696), (703, 741), (773, 774), (791, 799), (812, 818)]",True,1
intcal20,1250,20,0.954,"[(678, 748), (759, 768), (771, 775), (788, 829), (855, 873)]","[(678, 748), (759, 767), (772, 775), (788, 829), (855, 873)]",True,1
intcal20,1300,20,0.683,"[(671, 687), (698, 701), (742, 772)]","[(671, 687), (699, 701), (742, 772)]",True,1
intcal20,1300,20,0.954,"[(663, 706), (725, 773)]","[(664, 706), (725, 773)]",True,1
intcal20,1350,20,0.683,"[(653, 670)]","[(654, 669)]",True,1
intcal20,1350,20,0.954,"[(648, 682), (746, 759), (768, 771)]","[(648, 682), (746, 758), (768, 771)]",True,1
intcal20,1400,20,0.683,"[(611, 617), (641, 657)]","[(611, 617), (641, 656)]",True,1
intcal20,1400,20,0.954,"[(605, 628), (634, 661)]","[(606, 627), (635, 661)]",True,1
intcal20,1450,20,0.683,"[(602, 611), (615, 640)]","[(602, 610), (617, 640)]",True,2
intcal20,1450,20,0.954,"[(583, 647)]","[(585, 647)]",True,2
intcal20,1500,20,0.683,"[(564, 596)]","[(565, 596)]",True,1
intcal20,1500,20,0.954,"[(546, 605), (628, 635)]","[(546, 605), (628, 634)]",True,1
intcal20,1550,20,0.683,"[(441, 449), (457, 458), (479, 495), (535, 566)]","[(442, 449), (479, 495), (535, 566)]",False,
intcal20,1550,20,0.954,"[(434, 466), (474, 519), (526, 577)]","[(434, 466), (474, 519), (527, 577)]",True,1
intcal20,1600,20,0.683,"[(427, 439), (451, 454), (460, 477), (496, 534)]","[(427, 439), (451, 454), (460, 477), (497, 533)]",True,1
intcal20,1600,20,0.954,"[(421, 537)]","[(421, 483), (487, 537)]",False,
intcal20,1650,20,0.683,"[(383, 387), (391, 396), (402, 431)]","[(383, 387), (392, 396), (402, 431)]",True,1
intcal20,1650,20,0.954,"[(266, 271), (362, 436), (463, 476), (498, 532)]","[(266, 271), (362, 436), (463, 475), (498, 532)]",True,1
intcal20,1700,20,0.683,"[(266, 272), (351, 357), (361, 404)]","[(266, 271), (351, 357), (361, 404)]",True,1
intcal20,1700,20,0.954,"[(259, 279), (336, 413)]","[(260, 279), (336, 413)]",True,1
intcal20,1750,20,0.683,"[(251, 261), (276, 295), (312, 345)]","[(251, 261), (276, 294), (312, 345)]",True,1
intcal20,1750,20,0.954,"[(243, 364), (370, 372), (375, 375)]","[(243, 363)]",False,
intcal20,1800,20,0.683,"[(232, 251), (292, 317)]","[(232, 251), (292, 316)]",True,1
intcal20,1800,20,0.954,"[(214, 256), (283, 327)]","[(214, 256), (283, 326)]",True,1
intcal20,1850,20,0.683,"[(133, 138), (163, 187), (203, 235)]","[(133, 137), (166, 187), (203, 235)]",True,3
intcal20,1850,20,0.954,"[(129, 149), (151, 237)]","[(129, 146), (153, 237)]",True,3
intcal20,1900,20,0.683,"[(88, 92), (121, 170), (184, 184), (186, 203)]","[(88, 91), (121, 168), (186, 203)]",False,
intcal20,1900,20,0.954,"[(79, 100), (107, 211)]","[(80, 99), (108, 211)]",True,1
intcal20,1950,20,0.683,"[(30, 41), (60, 85), (94, 118)]","[(31, 41), (60, 85), (94, 118)]",True,1
intcal20,1950,20,0.954,"[(14, 125)]","[(15, 125)]",True,1
intcal20,2000,20,0.683,"[(-37, -11), (3, 27), (47, 57)]","[(-37, -12), (3, 26), (47, 56)]",True,1
intcal20,2000,20,0.954,"[(-44, 71)]","[(-43, 69)]",True,2
intcal20,2050,20,0.683,"[(-92, -74), (-54, -35), (-13, 5)]","[(-92, -74), (-53, -35), (-13, 5)]",True,1
intcal20,2050,20,0.954,"[(-147, -137), (-106, 20)]","[(-146, -138), (-106, 20)]",True,1
intcal20,2100,20,0.683,"[(-150, -93), (-73, -54)]","[(-150, -127), (-123, -93), (-73, -54)]",False,
intcal20,2100,20,0.954,"[(-169, -48)]","[(-169, -49)]",True,1
intcal20,2150,20,0.683,"[(-342, -320), (-200, -155)]","[(-341, -320), (-200, -157)]",True,2
intcal20,2150,20,0.954,"[(-348, -307), (-205, -98), (-68, -57)]","[(-348, -307), (-205, -99), (-67, -58)]",True,1
intcal20,2200,20,0.683,"[(-353, -340), (-322, -280), (-230, -199)]","[(-353, -340), (-322, -281), (-230, -200)]",True,1
intcal20,2200,20,0.954,"[(-359, -241), (-234, -194), (-186, -176)]","[(-359, -241), (-234, -195), (-185, -176)]",True,1
intcal20,2250,20,0.683,"[(-382, -355), (-279, -253), (-247, -231)]","[(-382, -355), (-279, -254), (-247, -231)]",True,1
intcal20,2250,20,0.954,"[(-387, -350), (-304, -303), (-301, -207)]","[(-387, -350), (-301, -298), (-294, -207)]",True,7
intcal20,2300,20,0.683,"[(-397, -377)]","[(-397, -378)]",True,1
intcal20,2300,20,0.954,"[(-401, -359), (-275, -260), (-242, -233)]","[(-401, -359), (-275, -260), (-242, -234)]",True,1
intcal20,2350,20,0.683,"[(-406, -394)]","[(-405, -394)]",True,1
intcal20,2350,20,0.954,"[(-464, -436), (-420, -385)]","[(-464, -436), (-419, -385)]",True,1
intcal20,2400,20,0.683,"[(-510, -507), (-504, -504), (-479, -405)]","[(-510, -507), (-478, -405)]",False,
intcal20,2400,20,0.954,"[(-658, -657), (-539, -401)]","[(-539, -401)]",False,
intcal20,2450,20,0.683,"[(-742, -691), (-663, -646), (-547, -476), (-430, -430)]","[(-742, -691), (-663, -646), (-547, -478)]",False,
intcal20,2450,20,0.954,"[(-748, -684), (-665, -635), (-618, -614), (-588, -577), (-572, -414)]","[(-748, -684), (-665, -635), (-618, -614), (-588, -577), (-571, -414)]",True,1
intcal20,2500,20,0.683,"[(-759, -746), (-687, -675), (-672, -664), (-643, -565)]","[(-759, -747), (-687, -676), (-672, -665), (-642, -565)]",True,1
intcal20,2500,20,0.954,"[(-771, -724), (-704, -702), (-698, -662), (-650, -544)]","[(-771, -730), (-704, -702), (-696, -662), (-650, -544)]",True,6
intcal20,2550,20,0.683,"[(-789, -758), (-677, -671), (-601, -598)]","[(-789, -758), (-677, -672), (-601, -598)]",True,1
intcal20,2550,20,0.954,"[(-794, -750), (-683, -666), (-634, -587), (-579, -569)]","[(-794, -750), (-683, -666), (-634, -588), (-578, -570)]",True,1
intcal20,2600,20,0.683,"[(-801, -786), (-780, -780)]","[(-801, -786)]",False,
intcal20,2600,20,0.954,"[(-804, -776)]","[(-803, -777)]",True,1
intcal20,2650,20,0.683,"[(-815, -799)]","[(-814, -799)]",True,1
intcal20,2650,20,0.954,"[(-889, -885), (-883, -883), (-829, -792)]","[(-886, -885), (-829, -792)]",False,
intcal20,2700,20,0.683,"[(-894, -874), (-836, -811)]","[(-893, -874), (-836, -811)]",True,1
intcal20,2700,20,0.954,"[(-897, -853), (-851, -849), (-847, -808)]","[(-897, -853), (-847, -808)]",False,
intcal20,2750,20,0.683,"[(-911, -894), (-875, -835)]","[(-911, -894), (-875, -836)]",True,1
intcal20,2750,20,0.954,"[(-965, -957), (-929, -828)]","[(-963, -957), (-929, -828)]",True,2
intcal20,2800,20,0.683,"[(-982, -918)]","[(-982, -941), (-939, -918)]",False,
intcal20,2800,20,0.954,"[(-1009, -901)]","[(-1008, -901)]",True,1
intcal20,2850,20,0.683,"[(-1047, -981), (-947, -937)]","[(-1047, -981), (-946, -937)]",True,1
intcal20,2850,20,0.954,"[(-1107, -1093), (-1091, -1091), (-1083, -1065), (-1056, -927)]","[(-1107, -1093), (-1081, -1066), (-1056, -927)]",False,
intcal20,2900,20,0.683,"[(-1119, -1047), (-1026, -1020)]","[(-1119, -1047), (-1026, -1021)]",True,1
intcal20,2900,20,0.954,"[(-1195, -1173), (-1159, -1144), (-1128, -1010)]","[(-1194, -1173), (-1159, -1144), (-1128, -1010)]",True,1
intcal20,2950,20,0.683,"[(-1206, -1205), (-1203, -1185), (-1181, -1124)]","[(-1203, -1185), (-1181, -1124)]",False,
intcal20,2950,20,0.954,"[(-1254, -1247), (-1225, -1105), (-1099, -1099), (-1097, -1076), (-1070, -1054)]","[(-1254, -1247), (-1225, -1106), (-1097, -1076), (-1070, -1054)]",False,
intcal20,3000,20,0.683,"[(-1276, -1207)]","[(-1276, -1208)]",True,1
intcal20,3000,20,0.954,"[(-1373, -1352), (-1298, -1190), (-1179, -1158), (-1143, -1128)]","[(-1373, -1352), (-1298, -1190), (-1178, -1158), (-1143, -1128)]",True,1
intcal20,3050,20,0.683,"[(-1380, -1342), (-1307, -1267)]","[(-1380, -1342), (-1306, -1267)]",True,1
intcal20,3050,20,0.954,"[(-1396, -1332), (-1326, -1256), (-1244, -1227)]","[(-1396, -1332), (-1326, -1257), (-1244, -1227)]",True,1
intcal20,3100,20,0.683,"[(-1412, -1382), (-1339, -1311)]","[(-1412, -1383), (-1339, -1311)]",True,1
intcal20,3100,20,0.954,"[(-1425, -1367), (-1359, -1359), (-1357, -1294)]","[(-1425, -1367), (-1357, -1294)]",False,
intcal20,3150,20,0.683,"[(-1487, -1487), (-1445, -1407)]","[(-1445, -1407)]",False,
intcal20,3150,20,0.954,"[(-1494, -1473), (-1458, -1389), (-1334, -1323)]","[(-1494, -1473), (-1458, -1390), (-1334, -1323)]",True,1
intcal20,3200,20,0.683,"[(-1497, -1471), (-1464, -1445)]","[(-1497, -1471), (-1462, -1445)]",True,2
intcal20,3200,20,0.954,"[(-1502, -1428)]","[(-1502, -1429)]",True,1
intcal20,3250,20,0.683,"[(-1531, -1498), (-1468, -1465)]","[(-1531, -1498), (-1468, -1466)]",True,1
intcal20,3250,20,0.954,"[(-1597, -1591), (-1541, -1488), (-1484, -1447)]","[(-1597, -1591), (-1541, -1489), (-1483, -1447)]",True,1
intcal20,3300,20,0.683,"[(-1609, -1574), (-1561, -1553), (-1546, -1531), (-1521, -1521)]","[(-1609, -1575), (-1560, -1553), (-1545, -1532)]",False,
intcal20,3300,20,0.954,"[(-1614, -1515), (-1510, -1510)]","[(-1614, -1515)]",False,
intcal20,3350,20,0.683,"[(-1681, -1681), (-1679, -1652), (-1641, -1610), (-1574, -1561), (-1552, -1546)]","[(-1678, -1652), (-1641, -1610), (-1574, -1561), (-1552, -1546)]",False,
intcal20,3350,20,0.954,"[(-1731, -1718), (-1687, -1598), (-1591, -1541)]","[(-1731, -1719), (-1687, -1598), (-1591, -1541)]",True,1
intcal20,3400,20,0.683,"[(-1737, -1712), (-1694, -1668), (-1653, -1635)]","[(-1737, -1713), (-1694, -1668), (-1653, -1635)]",True,1
intcal20,3400,20,0.954,"[(-1742, -1624)]","[(-1742, -1703), (-1701, -1624)]",False,
intcal20,3450,20,0.683,"[(-1868, -1848), (-1770, -1738), (-1712, -1695)]","[(-1868, -1848), (-1770, -1738), (-1711, -1695)]",True,1
intcal20,3450,20,0.954,"[(-1875, -1841), (-1822, -1793), (-1779, -1729), (-1724, -1689)]","[(-1875, -1841), (-1822, -1793), (-1779, -1729), (-1723, -1689)]",True,1
intcal20,3500,20,0.683,"[(-1879, -1869), (-1847, -1837), (-1828, -1771)]","[(-1879, -1869), (-1847, -1837), (-1828, -1772)]",True,1
intcal20,3500,20,0.954,"[(-1885, -1748)]","[(-1885, -1749)]",True,1
intcal20,3550,20,0.683,"[(-1932, -1880), (-1837, -1828)]","[(-1932, -1880), (-1836, -1828)]",True,1
intcal20,3550,20,0.954,"[(-1951, -1872), (-1845, -1815), (-1802, -1775)]","[(-1951, -1873), (-1845, -1815), (-1802, -1775)]",True,1
intcal20,3600,20,0.683,"[(-2014, -1997), (-1976, -1924)]","[(-2014, -1997), (-1976, -1925)]",True,1
intcal20,3600,20,0.954,"[(-2023, -1991), (-1982, -1891)]","[(-2023, -1992), (-1982, -1892)]",True,1
intcal20,3650,20,0.683,"[(-2116, -2097), (-2036, -2009), (-2001, -1972)]","[(-2116, -2097), (-2036, -2009), (-2000, -1972)]",True,1
intcal20,3650,20,0.954,"[(-2131, -2086), (-2049, -1946)]","[(-2131, -2086), (-2048, -1946)]",True,1
intcal20,3700,20,0.683,"[(-2135, -2117), (-2096, -2071), (-2069, -2037)]","[(-2135, -2117), (-2096, -2071), (-2068, -2037)]",True,1
intcal20,3700,20,0.954,"[(-2193, -2177), (-2142, -2027), (-1988, -1985)]","[(-2193, -2177), (-2142, -2027), (-1988, -1986)]",True,1
intcal20,3750,20,0.683,"[(-2200, -2136), (-2070, -2070)]","[(-2200, -2136)]",False,
intcal20,3750,20,0.954,"[(-2275, -2255), (-2204, -2127), (-2089, -2041)]","[(-2274, -2255), (-2204, -2127), (-2089, -2041)]",True,1
intcal20,3800,20,0.683,"[(-2284, -2247), (-2235, -2215), (-2211, -2200), (-2156, -2153)]","[(-2284, -2247), (-2234, -2215), (-2211, -2200), (-2156, -2154)]",True,1
intcal20,3800,20,0.954,"[(-2295, -2193), (-2176, -2142)]","[(-2295, -2193), (-2176, -2143)]",True,1
intcal20,3850,20,0.683,"[(-2398, -2384), (-2344, -2282), (-2248, -2232), (-2218, -2209)]","[(-2398, -2384), (-2344, -2282), (-2248, -2232), (-2217, -2209)]",True,1
intcal20,3850,20,0.954,"[(-2453, -2418), (-2406, -2372), (-2364, -2358), (-2355, -2272), (-2256, -2205)]","[(-2453, -2418), (-2406, -2372), (-2361, -2359), (-2354, -2273), (-2256, -2205)]",True,3
intcal20,3900,20,0.683,"[(-2458, -2402), (-2380, -2346)]","[(-2457, -2402), (-2380, -2347)]",True,1
intcal20,3900,20,0.954,"[(-2464, -2337), (-2324, -2299)]","[(-2463, -2337), (-2324, -2299)]",True,1
intcal20,3950,20,0.683,"[(-2558, -2538), (-2490, -2454), (-2416, -2408), (-2370, -2369), (-2367, -2367), (-2361, -2359)]","[(-2558, -2539), (-2490, -2454), (-2416, -2408), (-2361, -2359)]",False,
intcal20,3950,20,0.954,"[(-2564, -2531), (-2493, -2401), (-2380, -2347)]","[(-2564, -2531), (-2493, -2431), (-2425, -2401), (-2380, -2347)]",False,
intcal20,4000,20,0.683,"[(-2564, -2531), (-2494, -2472)]","[(-2564, -2531), (-2493, -2472)]",True,1
intcal20,4000,20,0.954,"[(-2571, -2512), (-2502, -2468)]","[(-2571, -2513), (-2502, -2468)]",True,1
intcal20,200,40,0.683,"[(1657, 1683), (1734, 1756), (1760, 1802), (1928, 1935), (1937, 1950)]","[(1657, 1683), (1735, 1756), (1760, 1802), (1929, 1934), (1937, 1949)]",True,1
intcal20,200,40,0.954,"[(1641, 1698), (1722, 1813), (1835, 1882), (1884, 1888), (1909, 1950)]","[(1641, 1698), (1722, 1813), (1835, 1881), (1884, 1888), (1909, 1949)]",True,1
intcal20,250,40,0.683,"[(1526, 1556), (1633, 1671), (1768, 1771), (1779, 1797), (1944, 1950)]","[(1526, 1555), (1633, 1671), (1768, 1771), (1779, 1797), (1944, 1949)]",True,1
intcal20,250,40,0.954,"[(1509, 1592), (1619, 1685), (1732, 1805), (1927, 1950)]","[(1510, 1592), (1619, 1685), (1732, 1805), (1927, 1949)]",True,1
intcal20,300,40,0.683,"[(1514, 1514), (1518, 1590), (1621, 1647)]","[(1518, 1590), (1621, 1647)]",False,
intcal20,300,40,0.954,"[(1479, 1660), (1789, 1791)]","[(1480, 1660)]",False,
intcal20,350,40,0.683,"[(1478, 1524), (1560, 1564), (1571, 1630)]","[(1478, 1524), (1560, 1564), (1572, 1630)]",True,1
intcal20,350,40,0.954,"[(1458, 1532), (1535, 1636)]","[(1459, 1531), (1536, 1636)]",True,1
intcal20,400,40,0.683,"[(1445, 1505), (1596, 1617)]","[(1445, 1504), (1597, 1617)]",True,1
intcal20,400,40,0.954,"[(1434, 1525), (1556, 1632)]","[(1435, 1525), (1557, 1632)]",True,1
intcal20,450,40,0.683,"[(1424, 1460), (1463, 1468)]","[(1424, 1460), (1464, 1468)]",True,1
intcal20,450,40,0.954,"[(1407, 1505), (1595, 1617)]","[(1407, 1504), (1597, 1617)]",True,2
intcal20,500,40,0.683,"[(1408, 1441)]","[(1409, 1441)]",True,1
intcal20,500,40,0.954,"[(1326, 1352), (1395, 1456)]","[(1327, 1351), (1395, 1456)]",True,1
intcal20,550,40,0.683,"[(1327, 1352), (1395, 1423)]","[(1327, 1351), (1395, 1423)]",True,1
intcal20,550,40,0.954,"[(1307, 1363), (1386, 1438)]","[(1307, 1363), (1386, 1437)]",True,1
intcal20,600,40,0.683,"[(1308, 1362), (1387, 1399)]","[(1308, 1362), (1387, 1398)]",True,1
intcal20,600,40,0.954,"[(1297, 1412)]","[(1298, 1412)]",True,1
intcal20,650,40,0.683,"[(1291, 1320), (1358, 1389)]","[(1292, 1320), (1359, 1389)]",True,1
intcal20,650,40,0.954,"[(1280, 1328), (1334, 1396)]","[(1280, 1328), (1335, 1396)]",True,1
intcal20,700,40,0.683,"[(1274, 1302), (1367, 1380)]","[(1274, 1302), (1368, 1380)]",True,1
intcal20,700,40,0.954,"[(1232, 1239), (1260, 1324), (1355, 1392)]","[(1233, 1239), (1261, 1324), (1355, 1392)]",True,1
intcal20,750,40,0.683,"[(1230, 1244), (1255, 1285)]","[(1230, 1244), (1257, 1285)]",True,2
intcal20,750,40,0.954,"[(1219, 1300), (1370, 1377)]","[(1219, 1300), (1371, 1377)]",True,1
intcal20,800,40,0.683,"[(1221, 1268)]","[(1222, 1268)]",True,1
intcal20,800,40,0.954,"[(1175, 1196), (1198, 1280)]","[(1175, 1195), (1199, 1279)]",True,1
intcal20,850,40,0.683,"[(1164, 1229), (1245, 1256)]","[(1164, 1228), (1246, 1254)]",True,2
intcal20,850,40,0.954,"[(1049, 1081), (1131, 1138), (1151, 1273)]","[(1049, 1081), (1133, 1138), (1151, 1273)]",True,2
intcal20,900,40,0.683,"[(1049, 1081), (1099, 1099), (1131, 1138), (1151, 1215)]","[(1049, 1081), (1131, 1138), (1151, 1215)]",False,
intcal20,900,40,0.954,"[(1039, 1219)]","[(1040, 1111), (1113, 1219)]",False,
intcal20,950,40,0.683,"[(1035, 1052), (1077, 1155)]","[(1035, 1052), (1078, 1155)]",True,1
intcal20,950,40,0.954,"[(998, 999), (1022, 1178), (1192, 1202)]","[(1022, 1178), (1192, 1202)]",False,
intcal20,1000,40,0.683,"[(995, 1008), (1010, 1046), (1084, 1094), (1103, 1124), (1141, 1146)]","[(995, 1008), (1010, 1046), (1084, 1094), (1103, 1124), (1142, 1146)]",True,1
intcal20,1000,40,0.954,"[(991, 1158)]","[(991, 1054), (1057, 1158)]",False,
intcal20,1050,40,0.683,"[(902, 915), (976, 1030)]","[(902, 915), (976, 1029)]",True,1
intcal20,1050,40,0.954,"[(890, 1044), (1086, 1093), (1105, 1118)]","[(890, 1044), (1086, 1092), (1106, 1118)]",True,1
intcal20,1100,40,0.683,"[(894, 927), (945, 993)]","[(894, 927), (945, 992)]",True,1
intcal20,1100,40,0.954,"[(776, 783), (836, 841), (878, 1024)]","[(776, 783), (836, 840), (879, 1024)]",True,1
intcal20,1150,40,0.683,"[(776, 785), (832, 850), (876, 902), (915, 975)]","[(776, 785), (832, 849), (876, 901), (915, 975)]",True,1
intcal20,1150,40,0.954,"[(775, 790), (800, 811), (819, 991)]","[(775, 790), (802, 811), (819, 991)]",True,2
intcal20,1200,40,0.683,"[(775, 776), (780, 792), (794, 794), (796, 883)]","[(775, 776), (780, 792), (796, 883)]",False,
intcal20,1200,40,0.954,"[(686, 742), (762, 764), (773, 898), (919, 957), (968, 973)]","[(686, 741), (773, 898), (919, 957), (968, 972)]",False,
intcal20,1250,40,0.683,"[(680, 745), (760, 766), (772, 774), (788, 826)]","[(680, 745), (760, 766), (772, 774), (789, 826)]",True,1
intcal20,1250,40,0.954,"[(672, 775), (783, 879)]","[(672, 775), (784, 879)]",True,1
intcal20,1300,40,0.683,"[(665, 705), (729, 729), (738, 773)]","[(665, 705), (738, 773)]",False,
intcal20,1300,40,0.954,"[(653, 774), (791, 805), (808, 808), (810, 821)]","[(653, 774), (791, 805), (810, 821)]",False,
intcal20,1350,40,0.683,"[(647, 683), (744, 760), (766, 771)]","[(647, 683), (744, 759), (766, 771)]",True,1
intcal20,1350,40,0.954,"[(607, 624), (637, 707), (722, 773)]","[(607, 624), (638, 707), (722, 773)]",True,1
intcal20,1400,40,0.683,"[(606, 626), (636, 660)]","[(606, 626), (637, 660)]",True,1
intcal20,1400,40,0.954,"[(576, 677), (751, 757)]","[(576, 677), (752, 757)]",True,1
intcal20,1450,40,0.683,"[(594, 646)]","[(594, 645)]",True,1
intcal20,1450,40,0.954,"[(558, 655)]","[(560, 655)]",True,2
intcal20,1500,40,0.683,"[(546, 605), (627, 635)]","[(546, 605), (628, 634)]",True,1
intcal20,1500,40,0.954,"[(437, 462), (476, 498), (512, 514), (532, 647)]","[(437, 462), (476, 498), (512, 513), (532, 647)]",True,1
intcal20,1550,40,0.683,"[(436, 464), (476, 499), (509, 515), (531, 572)]","[(436, 463), (476, 499), (509, 515), (531, 572)]",True,1
intcal20,1550,40,0.954,"[(426, 595)]","[(426, 594)]",True,1
intcal20,1600,40,0.683,"[(424, 442), (448, 479), (494, 536)]","[(424, 442), (448, 479), (494, 535)]",True,1
intcal20,1600,40,0.954,"[(406, 563)]","[(407, 563)]",True,1
intcal20,1650,40,0.683,"[(267, 270), (364, 436), (464, 475), (499, 509), (514, 531)]","[(268, 269), (364, 436), (464, 475), (499, 509), (515, 531)]",True,1
intcal20,1650,40,0.954,"[(261, 276), (340, 538)]","[(262, 276), (340, 538)]",True,1
intcal20,1700,40,0.683,"[(261, 277), (339, 409)]","[(261, 276), (339, 409)]",True,1
intcal20,1700,40,0.954,"[(247, 300), (304, 425)]","[(247, 299), (304, 425)]",True,1
intcal20,1750,40,0.683,"[(246, 264), (273, 350), (357, 360)]","[(246, 264), (273, 350), (357, 359)]",True,1
intcal20,1750,40,0.954,"[(236, 405)]","[(236, 404)]",True,1
intcal20,1800,40,0.683,"[(213, 256), (283, 327)]","[(214, 256), (283, 327)]",True,1
intcal20,1800,40,0.954,"[(129, 265), (273, 350), (357, 360)]","[(129, 265), (273, 350), (358, 360)]",True,1
intcal20,1850,40,0.683,"[(130, 144), (154, 194), (199, 236)]","[(130, 143), (155, 193), (199, 236)]",True,1
intcal20,1850,40,0.954,"[(83, 96), (113, 254), (288, 323)]","[(83, 96), (113, 253), (288, 323)]",True,1
intcal20,1900,40,0.683,"[(84, 96), (116, 208)]","[(84, 95), (116, 207)]",True,1
intcal20,1900,40,0.954,"[(28, 46), (58, 234)]","[(28, 46), (58, 233)]",True,1
intcal20,1950,40,0.683,"[(19, 124)]","[(20, 124)]",True,1
intcal20,1950,40,0.954,"[(-37, -11), (3, 176), (179, 179), (182, 203)]","[(-37, -11), (3, 170), (184, 203)]",False,
intcal20,2000,40,0.683,"[(-41, -7), (-1, 63)]","[(-40, -8), (0, 62)]",True,1
intcal20,2000,40,0.954,"[(-94, -72), (-55, 123)]","[(-94, -72), (-54, 122)]",True,1
intcal20,2050,40,0.683,"[(-102, -62), (-59, 17)]","[(-102, -64), (-59, 16)]",True,2
intcal20,2050,40,0.954,"[(-167, 33), (36, 60)]","[(-167, 31), (37, 60)]",True,2
intcal20,2100,40,0.683,"[(-164, -87), (-81, -52)]","[(-163, -88), (-81, -52)]",True,1
intcal20,2100,40,0.954,"[(-344, -317), (-202, -33), (-14, 6)]","[(-343, -317), (-202, -33), (-14, 5)]",True,1
intcal20,2150,40,0.683,"[(-346, -312), (-204, -103), (-63, -62)]","[(-346, -312), (-204, -103)]",False,
intcal20,2150,40,0.954,"[(-354, -279), (-255, -246), (-231, -50)]","[(-354, -279), (-255, -246), (-230, -51)]",True,1
intcal20,2200,40,0.683,"[(-357, -335), (-329, -275), (-260, -243), (-232, -197), (-180, -179)]","[(-357, -335), (-329, -275), (-260, -243), (-232, -197)]",False,
intcal20,2200,40,0.954,"[(-385, -155)]","[(-384, -155)]",True,1
intcal20,2250,40,0.683,"[(-386, -351), (-286, -227), (-218, -209)]","[(-386, -351), (-285, -228), (-217, -209)]",True,1
intcal20,2250,40,0.954,"[(-395, -340), (-322, -199)]","[(-394, -340), (-322, -199)]",True,1
intcal20,2300,40,0.683,"[(-402, -358), (-275, -259), (-243, -233)]","[(-402, -358), (-275, -260), (-242, -233)]",True,1
intcal20,2300,40,0.954,"[(-413, -346), (-314, -204)]","[(-412, -346), (-314, -204)]",True,1
intcal20,2350,40,0.683,"[(-477, -428), (-426, -384)]","[(-477, -428), (-424, -384)]",True,2
intcal20,2350,40,0.954,"[(-720, -707), (-661, -651), (-543, -358), (-274, -261), (-242, -234)]","[(-720, -707), (-661, -651), (-543, -359), (-274, -261), (-242, -234)]",True,1
intcal20,2400,40,0.683,"[(-538, -528), (-518, -402)]","[(-537, -528), (-518, -402)]",True,1
intcal20,2400,40,0.954,"[(-747, -686), (-664, -641), (-585, -583), (-567, -393)]","[(-747, -686), (-664, -641), (-584, -583), (-567, -393)]",True,1
intcal20,2450,40,0.683,"[(-746, -688), (-664, -643), (-564, -460), (-437, -418)]","[(-746, -688), (-664, -643), (-564, -460), (-437, -419)]",True,1
intcal20,2450,40,0.954,"[(-755, -679), (-669, -605), (-595, -409)]","[(-754, -679), (-669, -605), (-595, -409)]",True,1
intcal20,2500,40,0.683,"[(-769, -736), (-692, -663), (-647, -546)]","[(-768, -736), (-692, -663), (-647, -546)]",True,1
intcal20,2500,40,0.954,"[(-786, -478), (-428, -428)]","[(-786, -478)]",False,
intcal20,2550,40,0.683,"[(-794, -749), (-683, -666), (-634, -618), (-614, -589), (-577, -571)]","[(-794, -750), (-683, -666), (-634, -618), (-614, -589), (-577, -571)]",True,1
intcal20,2550,40,0.954,"[(-803, -729), (-727, -725), (-705, -702), (-700, -700), (-698, -662), (-650, -544)]","[(-803, -730), (-704, -702), (-696, -662), (-650, -544)]",False,
intcal20,2600,40,0.683,"[(-807, -771)]","[(-807, -772)]",True,1
intcal20,2600,40,0.954,"[(-886, -883), (-830, -749), (-684, -665), (-639, -584), (-582, -568)]","[(-886, -885), (-830, -749), (-684, -665), (-639, -584), (-582, -568)]",True,2
intcal20,2650,40,0.683,"[(-888, -883), (-831, -790)]","[(-888, -883), (-830, -790)]",True,1
intcal20,2650,40,0.954,"[(-897, -852), (-847, -777)]","[(-897, -853), (-847, -777)]",True,1
intcal20,2700,40,0.683,"[(-896, -865), (-845, -808)]","[(-896, -866), (-845, -808)]",True,1
intcal20,2700,40,0.954,"[(-922, -800)]","[(-921, -800)]",True,1
intcal20,2750,40,0.683,"[(-922, -831)]","[(-921, -831)]",True,1
intcal20,2750,40,0.954,"[(-989, -812)]","[(-988, -812)]",True,1
intcal20,2800,40,0.683,"[(-1005, -906)]","[(-1004, -906)]",True,1
intcal20,2800,40,0.954,"[(-1048, -833)]","[(-1048, -887), (-884, -833)]",False,
intcal20,2850,40,0.683,"[(-1102, -1100), (-1075, -1071), (-1053, -966), (-961, -930)]","[(-1102, -1100), (-1075, -1071), (-1052, -966), (-960, -930)]",True,1
intcal20,2850,40,0.954,"[(-1186, -1179), (-1153, -1147), (-1124, -904)]","[(-1186, -1180), (-1153, -1147), (-1124, -904)]",True,1
intcal20,2900,40,0.683,"[(-1186, -1180), (-1155, -1146), (-1125, -1013)]","[(-1185, -1180), (-1155, -1146), (-1125, -1013)]",True,1
intcal20,2900,40,0.954,"[(-1216, -978), (-948, -936)]","[(-1216, -979), (-947, -936)]",True,1
intcal20,2950,40,0.683,"[(-1252, -1250), (-1222, -1109), (-1090, -1083), (-1064, -1056)]","[(-1252, -1250), (-1222, -1109), (-1090, -1084), (-1064, -1057)]",True,1
intcal20,2950,40,0.954,"[(-1273, -1272), (-1270, -1040), (-1036, -1015)]","[(-1270, -1040), (-1036, -1015)]",False,
intcal20,3000,40,0.683,"[(-1368, -1356), (-1293, -1195), (-1173, -1161), (-1142, -1129)]","[(-1368, -1356), (-1293, -1195), (-1172, -1161), (-1142, -1129)]",True,1
intcal20,3000,40,0.954,"[(-1392, -1334), (-1322, -1112), (-1059, -1059)]","[(-1392, -1334), (-1322, -1112)]",False,
intcal20,3050,40,0.683,"[(-1388, -1335), (-1321, -1260), (-1239, -1239), (-1237, -1235)]","[(-1388, -1336), (-1321, -1260)]",False,
intcal20,3050,40,0.954,"[(-1417, -1203), (-1201, -1201), (-1137, -1137)]","[(-1417, -1203)]",False,
intcal20,3100,40,0.683,"[(-1420, -1373), (-1351, -1299)]","[(-1420, -1373), (-1351, -1300)]",True,1
intcal20,3100,40,0.954,"[(-1489, -1483), (-1446, -1259), (-1238, -1235)]","[(-1488, -1483), (-1446, -1260)]",False,
intcal20,3150,40,0.683,"[(-1494, -1476), (-1455, -1394), (-1332, -1325)]","[(-1494, -1477), (-1454, -1394), (-1332, -1325)]",True,1
intcal20,3150,40,0.954,"[(-1502, -1374), (-1349, -1301)]","[(-1502, -1374), (-1349, -1302)]",True,1
intcal20,3200,40,0.683,"[(-1500, -1436)]","[(-1500, -1437)]",True,1
intcal20,3200,40,0.954,"[(-1536, -1398)]","[(-1535, -1398)]",True,1
intcal20,3250,40,0.683,"[(-1597, -1591), (-1541, -1491), (-1481, -1448)]","[(-1597, -1591), (-1541, -1491), (-1481, -1449)]",True,1
intcal20,3250,40,0.954,"[(-1611, -1438)]","[(-1611, -1571), (-1567, -1438)]",False,
intcal20,3300,40,0.683,"[(-1611, -1530), (-1524, -1518)]","[(-1611, -1571), (-1567, -1530), (-1523, -1519)]",False,
intcal20,3300,40,0.954,"[(-1685, -1651), (-1643, -1497), (-1473, -1459)]","[(-1684, -1651), (-1643, -1497), (-1473, -1459)]",True,1
intcal20,3350,40,0.683,"[(-1685, -1649), (-1644, -1600), (-1583, -1557), (-1555, -1543)]","[(-1685, -1650), (-1644, -1600), (-1583, -1558), (-1555, -1543)]",True,1
intcal20,3350,40,0.954,"[(-1739, -1709), (-1697, -1530), (-1524, -1518)]","[(-1739, -1710), (-1697, -1530), (-1524, -1518)]",True,1
intcal20,3400,40,0.683,"[(-1740, -1708), (-1699, -1625)]","[(-1740, -1709), (-1699, -1625)]",True,1
intcal20,3400,40,0.954,"[(-1871, -1845), (-1817, -1801), (-1774, -1607), (-1603, -1601), (-1582, -1559), (-1554, -1544)]","[(-1871, -1845), (-1817, -1801), (-1774, -1608), (-1579, -1559), (-1554, -1544)]",False,
intcal20,3450,40,0.683,"[(-1873, -1843), (-1819, -1797), (-1776, -1733), (-1717, -1690)]","[(-1873, -1843), (-1819, -1798), (-1776, -1733), (-1717, -1690)]",True,1
intcal20,3450,40,0.954,"[(-1881, -1666), (-1655, -1633)]","[(-1881, -1667), (-1654, -1634)]",True,1
intcal20,3500,40,0.683,"[(-1884, -1863), (-1853, -1767), (-1757, -1757), (-1755, -1751)]","[(-1884, -1863), (-1853, -1767), (-1755, -1751)]",False,
intcal20,3500,40,0.954,"[(-1931, -1737), (-1713, -1694)]","[(-1931, -1737), (-1713, -1695)]",True,1
intcal20,3550,40,0.683,"[(-1948, -1874), (-1842, -1820), (-1796, -1777)]","[(-1947, -1875), (-1842, -1820), (-1796, -1777)]",True,1
intcal20,3550,40,0.954,"[(-2018, -1995), (-1978, -1861), (-1855, -1765), (-1757, -1749)]","[(-2018, -1995), (-1978, -1861), (-1854, -1766), (-1757, -1749)]",True,1
intcal20,3600,40,0.683,"[(-2018, -1995), (-1979, -1897)]","[(-2018, -1995), (-1978, -1897)]",True,1
intcal20,3600,40,0.954,"[(-2127, -2091), (-2040, -1876), (-1840, -1823), (-1791, -1780)]","[(-2126, -2091), (-2040, -1877), (-1840, -1823), (-1791, -1780)]",True,1
intcal20,3650,40,0.683,"[(-2125, -2091), (-2039, -1952)]","[(-2125, -2092), (-2039, -1952)]",True,1
intcal20,3650,40,0.954,"[(-2138, -1918), (-1913, -1912), (-1909, -1899)]","[(-2138, -1920), (-1909, -1899)]",False,
intcal20,3700,40,0.683,"[(-2188, -2183), (-2140, -2031)]","[(-2188, -2183), (-2139, -2031)]",True,1
intcal20,3700,40,0.954,"[(-2201, -2007), (-2002, -1971), (-1966, -1959)]","[(-2201, -2007), (-2002, -1971), (-1965, -1959)]",True,1
intcal20,3750,40,0.683,"[(-2271, -2258), (-2203, -2131), (-2085, -2047)]","[(-2270, -2258), (-2203, -2131), (-2085, -2048)]",True,1
intcal20,3750,40,0.954,"[(-2286, -2244), (-2237, -2033)]","[(-2286, -2244), (-2237, -2034)]",True,1
intcal20,3800,40,0.683,"[(-2291, -2195), (-2172, -2144)]","[(-2291, -2195), (-2172, -2145)]",True,1
intcal20,3800,40,0.954,"[(-2446, -2421), (-2404, -2378), (-2348, -2132), (-2082, -2054)]","[(-2446, -2422), (-2403, -2378), (-2348, -2133), (-2082, -2054)]",True,1
intcal20,3850,40,0.683,"[(-2437, -2423), (-2402, -2378), (-2348, -2277), (-2252, -2206)]","[(-2437, -2423), (-2402, -2379), (-2348, -2277), (-2252, -2206)]",True,1
intcal20,3850,40,0.954,"[(-2459, -2201)]","[(-2458, -2201)]",True,1
intcal20,3900,40,0.683,"[(-2462, -2341), (-2313, -2312), (-2309, -2309)]","[(-2462, -2341)]",False,
intcal20,3900,40,0.954,"[(-2471, -2280), (-2251, -2227), (-2224, -2207)]","[(-2471, -2280), (-2251, -2228), (-2222, -2208)]",True,2
intcal20,3950,40,0.683,"[(-2563, -2533), (-2492, -2447), (-2445, -2438), (-2422, -2404), (-2377, -2349)]","[(-2563, -2534), (-2492, -2447), (-2443, -2441), (-2422, -2404), (-2377, -2349)]",True,3
intcal20,3950,40,0.954,"[(-2570, -2513), (-2501, -2338), (-2323, -2300)]","[(-2570, -2514), (-2501, -2338), (-2323, -2300)]",True,1
intcal20,4000,40,0.683,"[(-2569, -2518), (-2498, -2469)]","[(-2568, -2518), (-2498, -2469)]",True,1
intcal20,4000,40,0.954,"[(-2627, -2451), (-2419, -2406), (-2374, -2351)]","[(-2626, -2451), (-2419, -2406), (-2374, -2351)]",True,1
