id,codigo_lab,sitio,ambito,periodo_asignado,edad_ap,sigma,fuente_archivo,rango95_SHCal20,mediana_SHCal20,rango95_mixta,mediana_mixta,rango95_IntCal20,mediana_IntCal20,intcal_menos_shcal
F002,,Chumo-Sicuani,region_cusco,fase Sicuani A (inicio),2540.0,50.0,03-tesis/calero-fernandez_2015_ceramica-formativa-sicuani-tomoii/calero-fernandez_2015_ceramica-formativa-sicuani-tomoii_parte_001.md,790–460 a. C. (92.6 %); 438–419 a. C. (2.8 %),-627,800–479 a. C. (94.9 %); 431–426 a. C. (0.5 %),-639,806–515 a. C. (95.1 %); 495–490 a. C. (0.4 %),-661,-34
F003,,Chumo-Sicuani,region_cusco,fase Sicuani C (final),2200.0,40.0,03-tesis/calero-fernandez_2015_ceramica-formativa-sicuani-tomoii/calero-fernandez_2015_ceramica-formativa-sicuani-tomoii_parte_001.md,369–274 a. C. (35.2 %); 259–246 a. C. (1.5 %); 231–217 a. C. (1.8 %); 208–89 a. C. (53.7 %); 83–64 a. C. (3.2 %),-187,372–240 a. C. (52.2 %); 236–109 a. C. (43.2 %),-255,386–156 a. C. (95.4 %),-273,-86
F004,Beta-477533,Bandojan,region_cusco,Formativo Tardio (500 a.C.-200 d.C.),2230.0,30.0,03-tesis/TESIS_2018_analisis-bioarqueologico-bandojan-yuthu/TESIS_2018_analisis-bioarqueologico-bandojan-yuthu_parte_006.md,376–271 a. C. (55.3 %); 269–244 a. C. (5.1 %); 232–150 a. C. (35.0 %),-289,376–182 a. C. (95.6 %),-285,387–341 a. C. (22.8 %); 323–200 a. C. (72.6 %),-276,13
F005,Beta-477534,Bandojan,region_cusco,Formativo Tardio (500 a.C.-200 d.C.),2230.0,30.0,03-tesis/TESIS_2018_analisis-bioarqueologico-bandojan-yuthu/TESIS_2018_analisis-bioarqueologico-bandojan-yuthu_parte_006.md,376–271 a. C. (55.3 %); 269–244 a. C. (5.1 %); 232–150 a. C. (35.0 %),-289,376–182 a. C. (95.6 %),-285,387–341 a. C. (22.8 %); 323–200 a. C. (72.6 %),-276,13
F006,Beta-477535,Bandojan,region_cusco,Formativo Tardio (500 a.C.-200 d.C.),2220.0,30.0,03-tesis/TESIS_2018_analisis-bioarqueologico-bandojan-yuthu/TESIS_2018_analisis-bioarqueologico-bandojan-yuthu_parte_006.md,375–271 a. C. (51.2 %); 266–245 a. C. (3.2 %); 232–214 a. C. (3.2 %); 211–140 a. C. (37.4 %); 117–114 a. C. (0.4 %),-281,372–240 a. C. (65.2 %); 236–171 a. C. (30.3 %),-288,384–335 a. C. (20.7 %); 329–198 a. C. (74.6 %); 180 a. C. (0.2 %),-277,4
F007,AA84430/Yuthu RC-61,Yuthu,region_cusco,Chanapata derivado (Formativo Tardio),2213.0,61.0,03-tesis/TESIS_UNSAAC_2026_13210_estudio_de_la_cadena_operativa_de_las_manos_de_moler_del_f/parte_010_pp_045_050.md,383–239 a. C. (44.7 %); 237–89 a. C. (47.2 %); 83–65 a. C. (3.5 %),-219,390–97 a. C. (94.6 %); 73–67 a. C. (0.8 %),-253,395–105 a. C. (95.4 %),-266,-47
F008,AA84431/Yuthu RC-104,Yuthu,region_cusco,Chanapata derivado (Formativo Tardio),2257.0,36.0,03-tesis/TESIS_UNSAAC_2026_13210_estudio_de_la_cadena_operativa_de_las_manos_de_moler_del_f/parte_010_pp_045_050.md,388–177 a. C. (95.5 %),-285,390–339 a. C. (24.2 %); 326–193 a. C. (71.3 %),-277,395–346 a. C. (33.1 %); 317–204 a. C. (62.4 %),-280,5
F009,AA84432/Yuthu RC-109,Yuthu,region_cusco,Chanapata derivado (Formativo Tardio),2226.0,76.0,03-tesis/TESIS_UNSAAC_2026_13210_estudio_de_la_cadena_operativa_de_las_manos_de_moler_del_f/parte_010_pp_045_050.md,394–59 a. C. (95.4 %),-235,398–90 a. C. (92.7 %); 81–59 a. C. (2.7 %),-255,405–90 a. C. (92.9 %); 80–53 a. C. (2.5 %),-267,-32
F010,AA84433/Yuthu RC-110,Yuthu,region_cusco,Chanapata derivado (Formativo Tardio),2369.0,36.0,03-tesis/TESIS_UNSAAC_2026_13210_estudio_de_la_cadena_operativa_de_las_manos_de_moler_del_f/parte_010_pp_045_050.md,539–529 a. C. (1.2 %); 519–352 a. C. (58.9 %); 308–201 a. C. (35.4 %),-385,717–709 a. C. (0.9 %); 661–654 a. C. (0.9 %); 542–361 a. C. (89.5 %); 277–257 a. C. (2.1 %); 247–232 a. C. (2.1 %),-413,722–707 a. C. (2.2 %); 662–652 a. C. (1.8 %); 544–385 a. C. (91.5 %),-449,-64
F011,AA84434/Yuthu RC-214,Yuthu,region_cusco,Chanapata derivado (Formativo Tardio),2329.0,37.0,03-tesis/TESIS_UNSAAC_2026_13210_estudio_de_la_cadena_operativa_de_las_manos_de_moler_del_f/parte_010_pp_045_050.md,406–346 a. C. (32.7 %); 318–195 a. C. (62.8 %),-276,454–444 a. C. (0.9 %); 416–350 a. C. (52.1 %); 312–202 a. C. (42.4 %),-366,537–533 a. C. (0.5 %); 516–355 a. C. (85.0 %); 281–231 a. C. (10.0 %),-395,-119
F012,AA84435/Yuthu RC-216,Yuthu,region_cusco,Chanapata derivado (Formativo Tardio),2295.0,38.0,03-tesis/TESIS_UNSAAC_2026_13210_estudio_de_la_cadena_operativa_de_las_manos_de_moler_del_f/parte_010_pp_045_050.md,396–340 a. C. (26.6 %); 324–191 a. C. (68.9 %),-277,400–349 a. C. (34.0 %); 314–201 a. C. (61.5 %),-278,407–350 a. C. (54.4 %); 309–208 a. C. (41.0 %),-362,-85
F013,AA84436/Yuthu RC-251,Yuthu,region_cusco,Chanapata derivado (Formativo Tardio),2223.0,36.0,03-tesis/TESIS_UNSAAC_2026_13210_estudio_de_la_cadena_operativa_de_las_manos_de_moler_del_f/parte_010_pp_045_050.md,380–242 a. C. (55.2 %); 233–138 a. C. (39.2 %); 119–112 a. C. (1.1 %),-274,380–169 a. C. (95.4 %),-283,386–197 a. C. (94.6 %); 183–179 a. C. (0.9 %),-277,-3
F014,AA84437/Yuthu RC-255,Yuthu,region_cusco,Chanapata derivado (Formativo Tardio),2243.0,36.0,03-tesis/TESIS_UNSAAC_2026_13210_estudio_de_la_cadena_operativa_de_las_manos_de_moler_del_f/parte_010_pp_045_050.md,382–241 a. C. (64.1 %); 236–155 a. C. (31.4 %),-286,385–189 a. C. (95.5 %),-280,392–341 a. C. (27.8 %); 323–201 a. C. (67.7 %),-278,8
F015,,Sacsayhuaman,ciudad_cusco,"ceramica Killke, Periodo Intermedio Tardio",770.0,140.0,03-tesis/TESIS_2019_arqueologia-pachatusan-qosqo-ayllu/TESIS_2019_arqueologia-pachatusan-qosqo-ayllu_parte_007.md,1027–1442 d. C. (95.4 %),1269,998–999 d. C. (0.1 %); 1022–1438 d. C. (95.3 %),1250,995–1006 d. C. (0.8 %); 1012–1427 d. C. (94.7 %),1231,-38
F018,AA47651,Pukara Pantillijlla,region_cusco,Inca (contexto Intermedio Tardio/Horizonte Tardio),642.0,32.0,03-tesis/TESIS_2023_estratigrafico-arquitectura-pukara-pantillijlla/TESIS_2023_estratigrafico-arquitectura-pukara-pantillijlla_parte_008.md,1298–1365 d. C. (66.8 %); 1378–1410 d. C. (28.6 %),1345,1297–1398 d. C. (95.4 %),1347,1284–1327 d. C. (41.4 %); 1336–1395 d. C. (54.1 %),1350,5
F019,AA47655,Pukara Pantillijlla,region_cusco,,546.0,31.0,03-tesis/TESIS_2023_estratigrafico-arquitectura-pukara-pantillijlla/TESIS_2023_estratigrafico-arquitectura-pukara-pantillijlla_parte_008.md,1399–1449 d. C. (95.4 %),1424,1327–1344 d. C. (6.9 %); 1394–1444 d. C. (88.6 %),1415,1321–1358 d. C. (33.6 %); 1390–1435 d. C. (61.9 %),1401,-23
F020,AA47656,Pukara Pantillijlla,region_cusco,,443.0,32.0,03-tesis/TESIS_2023_estratigrafico-arquitectura-pukara-pantillijlla/TESIS_2023_estratigrafico-arquitectura-pukara-pantillijlla_parte_008.md,1437–1509 d. C. (72.7 %); 1551–1558 d. C. (1.0 %); 1580–1622 d. C. (21.8 %),1481,1427–1504 d. C. (86.1 %); 1594–1617 d. C. (9.4 %),1461,1414–1494 d. C. (94.0 %); 1602–1609 d. C. (1.4 %),1448,-33
F021,AA47657,Pukara Pantillijlla,region_cusco,,519.0,55.0,03-tesis/TESIS_2023_estratigrafico-arquitectura-pukara-pantillijlla/TESIS_2023_estratigrafico-arquitectura-pukara-pantillijlla_parte_008.md,1323–1347 d. C. (4.1 %); 1390–1504 d. C. (87.5 %); 1594–1616 d. C. (3.9 %),1435,1317–1359 d. C. (12.5 %); 1385–1495 d. C. (82.3 %); 1603–1609 d. C. (0.6 %),1424,1303–1367 d. C. (28.7 %); 1381–1459 d. C. (66.2 %); 1464–1468 d. C. (0.6 %),1410,-25
F022,AA47658,Pukara Pantillijlla,region_cusco,,590.0,34.0,03-tesis/TESIS_2023_estratigrafico-arquitectura-pukara-pantillijlla/TESIS_2023_estratigrafico-arquitectura-pukara-pantillijlla_parte_008.md,1321–1351 d. C. (24.3 %); 1388–1440 d. C. (71.1 %),1404,1307–1361 d. C. (51.0 %); 1383–1427 d. C. (44.6 %),1356,1301–1369 d. C. (67.4 %); 1379–1414 d. C. (27.7 %); 1416–1417 d. C. (0.5 %),1349,-55
F023,AA47659,Pukara Pantillijlla,region_cusco,,382.0,40.0,03-tesis/TESIS_2023_estratigrafico-arquitectura-pukara-pantillijlla/TESIS_2023_estratigrafico-arquitectura-pukara-pantillijlla_parte_008.md,1459–1633 d. C. (95.5 %),1553,1454–1531 d. C. (45.7 %); 1536–1632 d. C. (49.9 %),1542,1443–1527 d. C. (54.8 %); 1541–1545 d. C. (0.9 %); 1550–1634 d. C. (39.8 %),1513,-40
F024,AA34946,Pukara Pantillijlla,region_cusco,Periodo Intermedio Tardio (segun cuerpo del texto),555.0,45.0,03-tesis/TESIS_2023_estratigrafico-arquitectura-pukara-pantillijlla/TESIS_2023_estratigrafico-arquitectura-pukara-pantillijlla_parte_008.md,1323–1348 d. C. (9.5 %); 1390–1455 d. C. (86.0 %),1419,1318–1359 d. C. (25.3 %); 1385–1450 d. C. (70.2 %),1407,1304–1366 d. C. (47.3 %); 1381–1438 d. C. (48.3 %),1379,-40
F027,BETA-167523,Illarakay,region_cusco,Periodo Intermedio Tardio / Horizonte Tardio,540.0,70.0,03-tesis/TESIS_2023_planeamiento-arquitectura-illarakay/TESIS_2023_planeamiento-arquitectura-illarakay_parte_006.md,1298–1366 d. C. (16.5 %); 1378–1507 d. C. (74.6 %); 1588–1620 d. C. (4.4 %),1425,1295–1497 d. C. (94.7 %); 1602–1609 d. C. (0.8 %),1410,1288–1469 d. C. (95.4 %),1392,-33
F028,BETA-149193,Illarakay / Aqnapampa,region_cusco,Periodo Intermedio Tardio / Horizonte Tardio,520.0,60.0,03-tesis/TESIS_2023_planeamiento-arquitectura-illarakay/TESIS_2023_planeamiento-arquitectura-illarakay_parte_006.md,1320–1353 d. C. (6.1 %); 1386–1508 d. C. (83.8 %); 1586–1620 d. C. (5.6 %),1436,1306–1362 d. C. (15.8 %); 1383–1500 d. C. (78.2 %); 1599–1612 d. C. (1.5 %),1423,1301–1370 d. C. (31.1 %); 1378–1475 d. C. (64.4 %),1408,-28
F032,Q 3091,Huillca Racay (valle de Kusichaca),region_cusco,final del Periodo Intermedio Temprano / inicio de produccion Qotakalli,1580.0,60.0,03-tesis/TESIS_UNSAAC_2019_5248_caracterizacion_petrologica_de_la_ceramica_qotakalli_del_s/parte_006_pp_033_037.md,395–396 d. C. (0.2 %); 412–640 d. C. (95.3 %),521,391–398 d. C. (0.8 %); 405–608 d. C. (91.7 %); 615–637 d. C. (3.0 %),503,268 d. C. (0.1 %); 364–604 d. C. (95.3 %); 631 d. C. (0.1 %),490,-31
F033,AA 34934,Pukacancha,valle_cusco,produccion/uso de ceramica Qotakalli durante ocupacion Wari en el valle de Cusco,1435.0,65.0,03-tesis/TESIS_UNSAAC_2019_5248_caracterizacion_petrologica_de_la_ceramica_qotakalli_del_s/parte_006_pp_033_037.md,531–773 d. C. (95.2 %); 821–825 d. C. (0.3 %),652,531–773 d. C. (95.4 %),630,437–462 d. C. (2.0 %); 477–498 d. C. (2.0 %); 512 d. C. (0.1 %); 532–689 d. C. (87.7 %); 697–702 d. C. (0.4 %); 742–772 d. C. (3.3 %),614,-38
F034,AA 39787,Tankarpata,valle_cusco,produccion/uso de ceramica Qotakalli durante ocupacion Wari en el valle de Cusco,1404.0,47.0,03-tesis/TESIS_UNSAAC_2019_5248_caracterizacion_petrologica_de_la_ceramica_qotakalli_del_s/parte_006_pp_033_037.md,599–621 d. C. (5.5 %); 632–772 d. C. (90.0 %),675,582–692 d. C. (79.6 %); 696–707 d. C. (1.6 %); 737–772 d. C. (14.2 %),654,566–682 d. C. (92.1 %); 745–759 d. C. (2.6 %); 767–771 d. C. (0.8 %),634,-41
F041,ULA-10810,Machuqolqa (Chinchero-Maras),region_cusco,Periodo Intermedio Tardio (PIT),620.0,15.0,05-articulos/_recientes_2024-2026/delgado2024machuqolqa.md,1322–1350 d. C. (55.0 %); 1388–1407 d. C. (40.7 %),1345,1317–1359 d. C. (74.4 %); 1385–1401 d. C. (21.1 %),1343,1301–1327 d. C. (41.5 %); 1336–1369 d. C. (31.1 %); 1379–1395 d. C. (22.9 %),1350,5
F042,ULA-10811,Machuqolqa (Chinchero-Maras),region_cusco,Periodo Intermedio Tardio (PIT),650.0,15.0,05-articulos/_recientes_2024-2026/delgado2024machuqolqa.md,1316–1360 d. C. (72.5 %); 1382–1400 d. C. (23.1 %),1343,1299–1326 d. C. (40.3 %); 1339–1370 d. C. (32.5 %); 1377–1393 d. C. (22.7 %),1351,1291–1320 d. C. (38.4 %); 1359–1389 d. C. (57.1 %),1365,22
F043,ULA-10812,Machuqolqa (Chinchero-Maras),region_cusco,Periodo Intermedio Tardio (PIT),590.0,15.0,05-articulos/_recientes_2024-2026/delgado2024machuqolqa.md,1327–1336 d. C. (5.1 %); 1392–1425 d. C. (90.4 %),1406,1324–1352 d. C. (47.5 %); 1392–1410 d. C. (48.3 %),1392,1311–1312 d. C. (0.7 %); 1314–1360 d. C. (74.7 %); 1388–1404 d. C. (20.3 %),1344,-62
F044,ULA-10843,Machuqolqa (Chinchero-Maras),region_cusco,Periodo Intermedio Tardio (PIT),660.0,15.0,05-articulos/_recientes_2024-2026/delgado2024machuqolqa.md,1303–1362 d. C. (74.2 %); 1381–1396 d. C. (21.4 %),1345,1297–1323 d. C. (43.0 %); 1350–1391 d. C. (52.7 %),1355,1286–1317 d. C. (42.4 %); 1361–1387 d. C. (53.4 %),1365,20
F045,ULA-11421,Machuqolqa (Chinchero-Maras),region_cusco,Periodo Intermedio Tardio (PIT),610.0,15.0,05-articulos/_recientes_2024-2026/delgado2024machuqolqa.md,1324–1347 d. C. (37.4 %); 1389–1413 d. C. (58.3 %),1395,1321–1356 d. C. (71.9 %); 1388–1403 d. C. (23.9 %),1342,1304–1365 d. C. (76.0 %); 1382–1396 d. C. (19.5 %),1346,-49
F046,ULA-11422,Machuqolqa (Chinchero-Maras),region_cusco,Periodo Intermedio Tardio (PIT),655.0,15.0,05-articulos/_recientes_2024-2026/delgado2024machuqolqa.md,1306–1311 d. C. (1.9 %); 1313 d. C. (0.3 %); 1315–1360 d. C. (71.0 %); 1381–1398 d. C. (22.4 %),1344,1298–1325 d. C. (42.3 %); 1346–1373 d. C. (30.4 %); 1375–1392 d. C. (23.0 %),1353,1288–1318 d. C. (39.4 %); 1360–1388 d. C. (56.1 %),1366,22
F068,OS-125489,Laguna Acopia (Acomayo),region_cusco,,2480.0,20.0,05-articulos/_recientes_2024-2026/shadik2024acopia.md,752–683 a. C. (23.3 %); 667–632 a. C. (10.2 %); 624–611 a. C. (2.0 %); 592–408 a. C. (59.9 %),-541,755–681 a. C. (33.6 %); 670–607 a. C. (19.4 %); 595–459 a. C. (38.8 %); 440–419 a. C. (3.6 %),-628,767–539 a. C. (93.7 %); 530–519 a. C. (1.7 %),-638,-97
F069,OS-125503,Laguna Acopia (Acomayo),region_cusco,,3070.0,20.0,05-articulos/_recientes_2024-2026/shadik2024acopia.md,1399–1200 a. C. (94.4 %); 1169–1167 a. C. (0.3 %); 1139–1134 a. C. (0.7 %),-1285,1397–1331 a. C. (43.8 %); 1328–1258 a. C. (47.2 %); 1245–1228 a. C. (4.4 %),-1315,1407–1269 a. C. (95.7 %),-1338,-53
F070,OS-125504,Laguna Acopia (Acomayo),region_cusco,,4180.0,20.0,05-articulos/_recientes_2024-2026/shadik2024acopia.md,2875–2623 a. C. (93.9 %); 2594–2585 a. C. (1.5 %),-2738,2877–2834 a. C. (19.5 %); 2819–2666 a. C. (73.0 %); 2649–2634 a. C. (2.9 %),-2758,2882–2844 a. C. (21.0 %); 2813–2740 a. C. (48.2 %); 2733–2673 a. C. (26.2 %),-2774,-36
F071,OS-125505,Laguna Acopia (Acomayo),region_cusco,,5610.0,25.0,05-articulos/_recientes_2024-2026/shadik2024acopia.md,4487–4477 a. C. (2.4 %); 4457–4346 a. C. (93.1 %),-4403,4487–4478 a. C. (2.8 %); 4457–4356 a. C. (92.7 %),-4406,4495–4468 a. C. (13.9 %); 4464–4360 a. C. (81.5 %),-4416,-13
F072,Hd-17618-17090,Batan Urqu (cuenca del rio Huaro),valle_cusco,,1959.0,27.0,05-articulos/migraciones-altiplanicas-batan_orqo-julihno-z/migraciones-altiplanicas-batan_orqo-julihno-z_sub26.md,37–24 a. C. (2.1 %); 22–135 d. C. (86.3 %); 158–161 d. C. (0.4 %); 180–200 d. C. (6.7 %),88,37–18 a. C. (3.1 %); 17–129 d. C. (90.9 %); 187–197 d. C. (1.5 %),77,37–13 a. C. (5.8 %); 4–126 d. C. (89.7 %),64,-24
F073,Hd-17619-17089,Batan Urqu (cuenca del rio Huaro),valle_cusco,Formativo,2073.0,29.0,05-articulos/migraciones-altiplanicas-batan_orqo-julihno-z/migraciones-altiplanicas-batan_orqo-julihno-z_sub26.md,136–122 a. C. (2.8 %); 110 a. C.–28 d. C. (91.2 %); 46–55 d. C. (1.4 %),-30,146–32 a. C. (70.0 %); 30 a. C. (0.2 %); 27 a. C.–20 d. C. (25.4 %),-58,170–26 a. C. (87.2 %); 24 a. C. (0.1 %); 16 a. C.–6 d. C. (8.2 %),-83,-53
F074,Hd-17622-17091,Batan Urqu (cuenca del rio Huaro),valle_cusco,,1724.0,27.0,05-articulos/migraciones-altiplanicas-batan_orqo-julihno-z/migraciones-altiplanicas-batan_orqo-julihno-z_sub26.md,253–297 d. C. (17.8 %); 333–420 d. C. (77.7 %),369,253–294 d. C. (25.8 %); 325–413 d. C. (69.7 %),353,250–295 d. C. (29.6 %); 310 d. C. (0.2 %); 312–407 d. C. (65.6 %),341,-28
F075,Hd-17623-17165,Batan Urqu (cuenca del rio Huaro),valle_cusco,,1639.0,22.0,05-articulos/migraciones-altiplanicas-batan_orqo-julihno-z/migraciones-altiplanicas-batan_orqo-julihno-z_sub26.md,413–533 d. C. (95.5 %),467,410–531 d. C. (95.5 %),458,380–442 d. C. (56.9 %); 448–479 d. C. (13.8 %); 493–536 d. C. (24.9 %),428,-39
F076,Hd-17624-17330,Batan Urqu (cuenca del rio Huaro),valle_cusco,,1762.0,32.0,05-articulos/migraciones-altiplanicas-batan_orqo-julihno-z/migraciones-altiplanicas-batan_orqo-julihno-z_sub26.md,248–389 d. C. (93.1 %); 401–409 d. C. (2.5 %),315,240–387 d. C. (95.2 %); 402–403 d. C. (0.3 %),307,232–381 d. C. (94.6 %); 391 d. C. (0.1 %); 397–401 d. C. (0.8 %),302,-13
F077,Hd-17625-17331,Batan Urqu (cuenca del rio Huaro),valle_cusco,,1667.0,29.0,05-articulos/migraciones-altiplanicas-batan_orqo-julihno-z/migraciones-altiplanicas-batan_orqo-julihno-z_sub26.md,367–524 d. C. (95.6 %),432,267–269 d. C. (0.4 %); 344–356 d. C. (2.2 %); 358–480 d. C. (83.5 %); 492–529 d. C. (9.4 %),411,259–279 d. C. (9.0 %); 335–435 d. C. (80.3 %); 465–475 d. C. (1.8 %); 499–509 d. C. (1.5 %); 515–531 d. C. (2.8 %),393,-39
F078,Hd-17626-17188,Batan Urqu (cuenca del rio Huaro),valle_cusco,,1938.0,26.0,05-articulos/migraciones-altiplanicas-batan_orqo-julihno-z/migraciones-altiplanicas-batan_orqo-julihno-z_sub26.md,30–34 d. C. (0.7 %); 58–204 d. C. (94.7 %),110,27–50 d. C. (6.8 %); 55–165 d. C. (80.1 %); 179–202 d. C. (8.7 %),99,17–170 d. C. (91.7 %); 180 d. C. (0.1 %); 184–203 d. C. (3.6 %),90,-20
F079,Hd-17627-17115,Batan Urqu (cuenca del rio Huaro),valle_cusco,Intermedio Tardio/pre-Inca,1420.0,26.0,05-articulos/migraciones-altiplanicas-batan_orqo-julihno-z/migraciones-altiplanicas-batan_orqo-julihno-z_sub26.md,607–613 d. C. (1.7 %); 636–681 d. C. (84.1 %); 747–768 d. C. (9.7 %),658,602–627 d. C. (22.2 %); 631–667 d. C. (73.2 %),646,598–657 d. C. (95.5 %),627,-31
F080,Hd-17628-17342,Batan Urqu (cuenca del rio Huaro),valle_cusco,,1648.0,18.0,05-articulos/migraciones-altiplanicas-batan_orqo-julihno-z/migraciones-altiplanicas-batan_orqo-julihno-z_sub26.md,394–396 d. C. (0.7 %); 412–526 d. C. (94.7 %),459,390–398 d. C. (2.2 %); 405–479 d. C. (76.7 %); 492–529 d. C. (16.5 %),429,268–269 d. C. (0.3 %); 366–369 d. C. (0.5 %); 376–436 d. C. (79.8 %); 463–475 d. C. (4.2 %); 498–532 d. C. (10.7 %),417,-42
F081,Hd-17629-17354,Batan Urqu (cuenca del rio Huaro),valle_cusco,,1933.0,24.0,05-articulos/migraciones-altiplanicas-batan_orqo-julihno-z/migraciones-altiplanicas-batan_orqo-julihno-z_sub26.md,62–171 d. C. (75.7 %); 176–203 d. C. (19.8 %),117,29–42 d. C. (2.8 %); 59–168 d. C. (81.6 %); 177–203 d. C. (11.2 %),104,23–168 d. C. (90.9 %); 170 d. C. (0.2 %); 184–203 d. C. (4.4 %),95,-22
F082,Hd-17630-17333,Batan Urqu (cuenca del rio Huaro),valle_cusco,,1728.0,27.0,05-articulos/migraciones-altiplanicas-batan_orqo-julihno-z/migraciones-altiplanicas-batan_orqo-julihno-z_sub26.md,253–298 d. C. (21.0 %); 329–417 d. C. (74.4 %),364,253–295 d. C. (28.5 %); 321–412 d. C. (67.0 %),349,249–296 d. C. (31.5 %); 308–405 d. C. (64.0 %),336,-28
F083,Hd-17631-17340,Batan Urqu (cuenca del rio Huaro),valle_cusco,,1702.0,20.0,05-articulos/migraciones-altiplanicas-batan_orqo-julihno-z/migraciones-altiplanicas-batan_orqo-julihno-z_sub26.md,340–353 d. C. (4.5 %); 358–426 d. C. (91.1 %),390,263–273 d. C. (4.8 %); 341–416 d. C. (90.9 %),382,259–279 d. C. (17.6 %); 333–412 d. C. (77.9 %),366,-24
F084,Hd-17632-17341,Batan Urqu (cuenca del rio Huaro),valle_cusco,,1949.0,24.0,05-articulos/migraciones-altiplanicas-batan_orqo-julihno-z/migraciones-altiplanicas-batan_orqo-julihno-z_sub26.md,26–137 d. C. (84.0 %); 155–163 d. C. (1.3 %); 180–201 d. C. (10.1 %),97,21–132 d. C. (92.3 %); 183–200 d. C. (3.2 %),88,33–16 a. C. (1.9 %); 6–128 d. C. (92.7 %); 145–153 d. C. (0.8 %),76,-21
F085,AA 34931,Peqokaypata (San Jeronimo),valle_cusco,posible inicio del Intermedio Temprano,1615.0,50.0,05-articulos/publicacion-minaspata-ddc_cusco-of/publicacion-minaspata-ddc_cusco-of_sub04.md,373–374 d. C. (0.2 %); 376 d. C. (0.1 %); 382–596 d. C. (95.2 %),489,371–581 d. C. (95.5 %),478,265–272 d. C. (1.0 %); 350–358 d. C. (1.0 %); 360–566 d. C. (93.4 %),469,-20
