curva,anio,sigma,n,prob_antes_1438
shcal20,1400,20,200,0.995
shcal20,1405,20,200,0.983
shcal20,1410,20,200,0.959
shcal20,1415,20,200,0.928
shcal20,1420,20,200,0.879
shcal20,1425,20,200,0.813
shcal20,1430,20,200,0.744
shcal20,1435,20,200,0.655
shcal20,1440,20,200,0.489
shcal20,1445,20,200,0.352
shcal20,1450,20,200,0.172
shcal20,1455,20,200,0.035
shcal20,1460,20,200,0.003
shcal20,1465,20,200,0.0
shcal20,1470,20,200,0.002
shcal20,1475,20,200,0.002
shcal20,1480,20,200,0.001
mixta:0.5:0.1,1400,20,200,0.999
mixta:0.5:0.1,1405,20,200,0.993
mixta:0.5:0.1,1410,20,200,0.976
mixta:0.5:0.1,1415,20,200,0.956
mixta:0.5:0.1,1420,20,200,0.933
mixta:0.5:0.1,1425,20,200,0.833
mixta:0.5:0.1,1430,20,200,0.754
mixta:0.5:0.1,1435,20,200,0.65
mixta:0.5:0.1,1440,20,200,0.448
mixta:0.5:0.1,1445,20,200,0.294
mixta:0.5:0.1,1450,20,200,0.13
mixta:0.5:0.1,1455,20,200,0.032
mixta:0.5:0.1,1460,20,200,0.003
mixta:0.5:0.1,1465,20,200,0.001
mixta:0.5:0.1,1470,20,200,0.002
mixta:0.5:0.1,1475,20,200,0.001
mixta:0.5:0.1,1480,20,200,0.0
intcal20,1400,20,200,0.999
intcal20,1405,20,200,0.996
intcal20,1410,20,200,0.981
intcal20,1415,20,200,0.968
intcal20,1420,20,200,0.96
intcal20,1425,20,200,0.84
intcal20,1430,20,200,0.757
intcal20,1435,20,200,0.646
intcal20,1440,20,200,0.416
intcal20,1445,20,200,0.256
intcal20,1450,20,200,0.112
intcal20,1455,20,200,0.043
intcal20,1460,20,200,0.006
intcal20,1465,20,200,0.005
intcal20,1470,20,200,0.007
intcal20,1475,20,200,0.002
intcal20,1480,20,200,0.0
