curva_real,curva_calibracion,anio,sigma,n,cobertura_95,sesgo_mediana,error_mediana
mixta:0.5:0.1,mixta:0.5:0.1,1000,25,200,0.955,10.0,11.0
mixta:0.5:0.1,mixta:0.5:0.1,1010,25,200,0.945,-6.0,10.0
mixta:0.5:0.1,mixta:0.5:0.1,1020,25,200,0.97,-11.0,13.0
mixta:0.5:0.1,mixta:0.5:0.1,1030,25,200,0.9,57.5,57.5
mixta:0.5:0.1,mixta:0.5:0.1,1040,25,200,0.955,58.0,58.0
mixta:0.5:0.1,mixta:0.5:0.1,1050,25,200,0.955,49.0,49.0
mixta:0.5:0.1,mixta:0.5:0.1,1060,25,200,0.95,40.0,40.0
mixta:0.5:0.1,mixta:0.5:0.1,1070,25,200,0.97,30.0,30.0
mixta:0.5:0.1,mixta:0.5:0.1,1080,25,200,0.96,19.0,20.0
mixta:0.5:0.1,mixta:0.5:0.1,1090,25,200,0.965,8.0,9.0
mixta:0.5:0.1,mixta:0.5:0.1,1100,25,200,0.995,-1.0,1.0
mixta:0.5:0.1,mixta:0.5:0.1,1110,25,200,0.995,-11.0,11.0
mixta:0.5:0.1,mixta:0.5:0.1,1120,25,200,0.98,-21.0,21.0
mixta:0.5:0.1,mixta:0.5:0.1,1130,25,200,0.995,-31.0,31.0
mixta:0.5:0.1,mixta:0.5:0.1,1140,25,200,1.0,-41.0,41.0
mixta:0.5:0.1,mixta:0.5:0.1,1150,25,200,0.945,-51.0,51.0
mixta:0.5:0.1,mixta:0.5:0.1,1160,25,200,0.905,2.0,28.0
mixta:0.5:0.1,mixta:0.5:0.1,1170,25,200,0.93,3.0,19.0
mixta:0.5:0.1,mixta:0.5:0.1,1180,25,200,0.94,4.0,14.0
mixta:0.5:0.1,mixta:0.5:0.1,1190,25,200,0.945,0.0,16.0
mixta:0.5:0.1,mixta:0.5:0.1,1200,25,200,0.935,-10.0,13.0
mixta:0.5:0.1,mixta:0.5:0.1,1210,25,200,0.945,-18.0,21.0
mixta:0.5:0.1,mixta:0.5:0.1,1220,25,200,0.9,-2.0,21.0
mixta:0.5:0.1,mixta:0.5:0.1,1230,25,200,0.995,16.0,16.0
mixta:0.5:0.1,mixta:0.5:0.1,1240,25,200,0.975,7.0,8.0
mixta:0.5:0.1,mixta:0.5:0.1,1250,25,200,0.995,-5.5,8.0
mixta:0.5:0.1,mixta:0.5:0.1,1260,25,200,0.985,-15.0,15.0
mixta:0.5:0.1,mixta:0.5:0.1,1270,25,200,0.98,-17.0,17.5
mixta:0.5:0.1,mixta:0.5:0.1,1280,25,200,0.895,1.5,10.0
mixta:0.5:0.1,mixta:0.5:0.1,1290,25,200,0.94,9.0,11.0
mixta:0.5:0.1,mixta:0.5:0.1,1300,25,200,0.955,48.0,48.0
mixta:0.5:0.1,mixta:0.5:0.1,1310,25,200,0.975,38.0,38.0
mixta:0.5:0.1,mixta:0.5:0.1,1320,25,200,0.96,28.0,28.0
mixta:0.5:0.1,mixta:0.5:0.1,1330,25,200,0.94,17.0,17.0
mixta:0.5:0.1,mixta:0.5:0.1,1340,25,200,0.945,6.0,6.0
mixta:0.5:0.1,mixta:0.5:0.1,1350,25,200,0.99,-4.0,4.0
mixta:0.5:0.1,mixta:0.5:0.1,1360,25,200,0.965,-11.0,11.0
mixta:0.5:0.1,mixta:0.5:0.1,1370,25,200,0.96,-48.0,48.0
mixta:0.5:0.1,mixta:0.5:0.1,1380,25,200,0.965,-32.5,32.5
mixta:0.5:0.1,mixta:0.5:0.1,1390,25,200,0.93,-43.0,43.0
mixta:0.5:0.1,mixta:0.5:0.1,1400,25,200,0.94,-42.5,42.5
mixta:0.5:0.1,mixta:0.5:0.1,1410,25,200,0.945,2.0,8.5
mixta:0.5:0.1,mixta:0.5:0.1,1420,25,200,0.95,0.0,6.0
mixta:0.5:0.1,mixta:0.5:0.1,1430,25,200,0.985,-1.0,7.0
mixta:0.5:0.1,mixta:0.5:0.1,1440,25,200,0.965,0.0,6.0
mixta:0.5:0.1,mixta:0.5:0.1,1450,25,200,0.95,0.0,8.0
mixta:0.5:0.1,mixta:0.5:0.1,1460,25,200,0.93,24.5,24.5
mixta:0.5:0.1,mixta:0.5:0.1,1470,25,200,0.915,18.5,20.0
mixta:0.5:0.1,mixta:0.5:0.1,1480,25,200,0.925,20.0,21.5
mixta:0.5:0.1,mixta:0.5:0.1,1490,25,200,0.955,23.0,28.5
mixta:0.5:0.1,mixta:0.5:0.1,1500,25,200,0.94,28.0,42.0
mixta:0.5:0.1,mixta:0.5:0.1,1510,25,200,0.96,51.0,51.0
mixta:0.5:0.1,mixta:0.5:0.1,1520,25,200,0.985,41.0,41.0
mixta:0.5:0.1,mixta:0.5:0.1,1530,25,200,0.92,31.0,31.0
mixta:0.5:0.1,mixta:0.5:0.1,1540,25,200,0.915,21.0,21.0
mixta:0.5:0.1,mixta:0.5:0.1,1550,25,200,0.965,11.0,11.0
mixta:0.5:0.1,mixta:0.5:0.1,1560,25,200,0.985,1.0,1.0
mixta:0.5:0.1,mixta:0.5:0.1,1570,25,200,0.97,-9.0,9.0
mixta:0.5:0.1,mixta:0.5:0.1,1580,25,200,0.97,-19.0,19.0
mixta:0.5:0.1,mixta:0.5:0.1,1590,25,200,0.985,-30.0,30.0
mixta:0.5:0.1,mixta:0.5:0.1,1600,25,200,0.97,-64.0,64.0
mixta:0.5:0.1,shcal20,1000,25,200,0.84,26.0,26.0
mixta:0.5:0.1,shcal20,1010,25,200,0.875,-1.0,6.0
mixta:0.5:0.1,shcal20,1020,25,200,0.92,3.0,13.0
mixta:0.5:0.1,shcal20,1030,25,200,0.91,65.0,65.0
mixta:0.5:0.1,shcal20,1040,25,200,0.855,57.0,57.0
mixta:0.5:0.1,shcal20,1050,25,200,0.91,62.0,62.0
mixta:0.5:0.1,shcal20,1060,25,200,0.95,79.5,79.5
mixta:0.5:0.1,shcal20,1070,25,200,0.935,68.0,68.0
mixta:0.5:0.1,shcal20,1080,25,200,0.96,45.0,45.0
mixta:0.5:0.1,shcal20,1090,25,200,0.91,7.0,7.0
mixta:0.5:0.1,shcal20,1100,25,200,0.895,-1.0,4.0
mixta:0.5:0.1,shcal20,1110,25,200,1.0,-13.0,13.0
mixta:0.5:0.1,shcal20,1120,25,200,0.955,-22.0,23.0
mixta:0.5:0.1,shcal20,1130,25,200,0.9,-31.0,32.0
mixta:0.5:0.1,shcal20,1140,25,200,0.98,-38.0,39.0
mixta:0.5:0.1,shcal20,1150,25,200,0.97,-42.0,43.0
mixta:0.5:0.1,shcal20,1160,25,200,0.925,21.0,30.0
mixta:0.5:0.1,shcal20,1170,25,200,0.91,18.0,22.0
mixta:0.5:0.1,shcal20,1180,25,200,0.835,16.0,18.0
mixta:0.5:0.1,shcal20,1190,25,200,0.965,11.0,18.0
mixta:0.5:0.1,shcal20,1200,25,200,0.95,1.0,14.5
mixta:0.5:0.1,shcal20,1210,25,200,0.945,-4.0,16.5
mixta:0.5:0.1,shcal20,1220,25,200,0.875,16.0,22.0
mixta:0.5:0.1,shcal20,1230,25,200,0.97,19.0,19.0
mixta:0.5:0.1,shcal20,1240,25,200,0.99,10.0,10.0
mixta:0.5:0.1,shcal20,1250,25,200,0.99,-2.0,4.0
mixta:0.5:0.1,shcal20,1260,25,200,0.97,-12.0,12.0
mixta:0.5:0.1,shcal20,1270,25,200,0.95,-2.0,16.0
mixta:0.5:0.1,shcal20,1280,25,200,0.785,16.5,19.5
mixta:0.5:0.1,shcal20,1290,25,200,0.86,54.0,54.0
mixta:0.5:0.1,shcal20,1300,25,200,0.9,46.0,46.0
mixta:0.5:0.1,shcal20,1310,25,200,0.86,35.5,35.5
mixta:0.5:0.1,shcal20,1320,25,200,0.91,25.0,25.0
mixta:0.5:0.1,shcal20,1330,25,200,0.905,63.5,63.5
mixta:0.5:0.1,shcal20,1340,25,200,0.925,49.0,49.0
mixta:0.5:0.1,shcal20,1350,25,200,0.84,-4.0,6.0
mixta:0.5:0.1,shcal20,1360,25,200,0.87,-15.0,15.0
mixta:0.5:0.1,shcal20,1370,25,200,0.75,-23.0,23.0
mixta:0.5:0.1,shcal20,1380,25,200,0.835,-34.0,34.0
mixta:0.5:0.1,shcal20,1390,25,200,0.95,-44.0,44.0
mixta:0.5:0.1,shcal20,1400,25,200,0.89,6.0,11.5
mixta:0.5:0.1,shcal20,1410,25,200,0.905,11.0,12.0
mixta:0.5:0.1,shcal20,1420,25,200,0.98,9.0,10.0
mixta:0.5:0.1,shcal20,1430,25,200,0.935,8.0,9.0
mixta:0.5:0.1,shcal20,1440,25,200,0.9,8.0,9.0
mixta:0.5:0.1,shcal20,1450,25,200,0.925,17.0,17.5
mixta:0.5:0.1,shcal20,1460,25,200,0.81,42.5,42.5
mixta:0.5:0.1,shcal20,1470,25,200,0.865,38.0,38.0
mixta:0.5:0.1,shcal20,1480,25,200,0.785,71.0,71.0
mixta:0.5:0.1,shcal20,1490,25,200,0.925,66.0,66.0
mixta:0.5:0.1,shcal20,1500,25,200,0.925,58.0,58.0
mixta:0.5:0.1,shcal20,1510,25,200,0.98,50.0,50.0
mixta:0.5:0.1,shcal20,1520,25,200,0.945,41.0,41.0
mixta:0.5:0.1,shcal20,1530,25,200,0.97,36.0,36.0
mixta:0.5:0.1,shcal20,1540,25,200,0.96,25.0,25.0
mixta:0.5:0.1,shcal20,1550,25,200,0.95,11.5,12.0
mixta:0.5:0.1,shcal20,1560,25,200,0.975,0.0,1.0
mixta:0.5:0.1,shcal20,1570,25,200,0.995,-10.0,10.0
mixta:0.5:0.1,shcal20,1580,25,200,0.98,-20.0,20.0
mixta:0.5:0.1,shcal20,1590,25,200,0.92,-30.0,30.0
mixta:0.5:0.1,shcal20,1600,25,200,0.88,-42.0,42.0
mixta:0.5:0.1,intcal20,1000,25,200,0.9,4.0,10.5
mixta:0.5:0.1,intcal20,1010,25,200,0.87,-30.0,30.0
mixta:0.5:0.1,intcal20,1020,25,200,0.845,-18.0,18.0
mixta:0.5:0.1,intcal20,1030,25,200,0.95,-3.5,16.0
mixta:0.5:0.1,intcal20,1040,25,200,0.945,48.5,48.5
mixta:0.5:0.1,intcal20,1050,25,200,0.87,51.0,51.0
mixta:0.5:0.1,intcal20,1060,25,200,0.685,41.0,41.0
mixta:0.5:0.1,intcal20,1070,25,200,0.85,31.0,31.0
mixta:0.5:0.1,intcal20,1080,25,200,0.95,21.0,21.0
mixta:0.5:0.1,intcal20,1090,25,200,0.97,-0.5,11.0
mixta:0.5:0.1,intcal20,1100,25,200,0.9,-3.0,3.0
mixta:0.5:0.1,intcal20,1110,25,200,0.98,-17.0,17.0
mixta:0.5:0.1,intcal20,1120,25,200,0.97,-23.5,24.0
mixta:0.5:0.1,intcal20,1130,25,200,0.885,-32.0,32.0
mixta:0.5:0.1,intcal20,1140,25,200,0.97,-40.0,40.0
mixta:0.5:0.1,intcal20,1150,25,200,0.965,-49.0,49.0
mixta:0.5:0.1,intcal20,1160,25,200,0.775,-51.0,52.0
mixta:0.5:0.1,intcal20,1170,25,200,0.785,-38.0,41.0
mixta:0.5:0.1,intcal20,1180,25,200,0.76,-16.0,19.0
mixta:0.5:0.1,intcal20,1190,25,200,0.865,-16.0,23.0
mixta:0.5:0.1,intcal20,1200,25,200,0.915,-26.0,27.0
mixta:0.5:0.1,intcal20,1210,25,200,0.86,-31.0,31.0
mixta:0.5:0.1,intcal20,1220,25,200,0.885,-21.0,23.0
mixta:0.5:0.1,intcal20,1230,25,200,0.95,9.0,14.0
mixta:0.5:0.1,intcal20,1240,25,200,0.975,1.5,7.0
mixta:0.5:0.1,intcal20,1250,25,200,0.995,-15.5,16.0
mixta:0.5:0.1,intcal20,1260,25,200,0.915,-24.0,24.0
mixta:0.5:0.1,intcal20,1270,25,200,0.93,-23.0,23.0
mixta:0.5:0.1,intcal20,1280,25,200,0.755,-8.0,9.5
mixta:0.5:0.1,intcal20,1290,25,200,0.89,-5.0,8.0
mixta:0.5:0.1,intcal20,1300,25,200,0.96,0.0,14.0
mixta:0.5:0.1,intcal20,1310,25,200,0.795,13.0,28.0
mixta:0.5:0.1,intcal20,1320,25,200,0.82,32.0,32.0
mixta:0.5:0.1,intcal20,1330,25,200,0.695,18.0,18.0
mixta:0.5:0.1,intcal20,1340,25,200,0.83,7.5,8.0
mixta:0.5:0.1,intcal20,1350,25,200,0.765,-1.0,4.0
mixta:0.5:0.1,intcal20,1360,25,200,0.745,-27.5,27.5
mixta:0.5:0.1,intcal20,1370,25,200,0.935,-75.0,75.0
mixta:0.5:0.1,intcal20,1380,25,200,0.895,-76.5,76.5
mixta:0.5:0.1,intcal20,1390,25,200,0.89,-40.0,40.0
mixta:0.5:0.1,intcal20,1400,25,200,0.85,-53.0,53.0
mixta:0.5:0.1,intcal20,1410,25,200,0.875,-13.0,15.0
mixta:0.5:0.1,intcal20,1420,25,200,0.885,-10.0,10.0
mixta:0.5:0.1,intcal20,1430,25,200,0.895,-9.0,10.5
mixta:0.5:0.1,intcal20,1440,25,200,0.925,-9.0,10.0
mixta:0.5:0.1,intcal20,1450,25,200,0.815,-9.0,10.0
mixta:0.5:0.1,intcal20,1460,25,200,0.95,7.5,13.0
mixta:0.5:0.1,intcal20,1470,25,200,0.945,0.5,16.5
mixta:0.5:0.1,intcal20,1480,25,200,0.96,2.0,17.0
mixta:0.5:0.1,intcal20,1490,25,200,0.915,2.0,22.0
mixta:0.5:0.1,intcal20,1500,25,200,0.925,-3.0,25.5
mixta:0.5:0.1,intcal20,1510,25,200,0.94,50.0,50.0
mixta:0.5:0.1,intcal20,1520,25,200,0.985,42.0,42.0
mixta:0.5:0.1,intcal20,1530,25,200,0.795,32.0,32.0
mixta:0.5:0.1,intcal20,1540,25,200,0.79,22.0,22.0
mixta:0.5:0.1,intcal20,1550,25,200,0.71,12.0,13.0
mixta:0.5:0.1,intcal20,1560,25,200,0.93,1.0,4.0
mixta:0.5:0.1,intcal20,1570,25,200,0.915,-9.0,9.0
mixta:0.5:0.1,intcal20,1580,25,200,0.975,-19.0,19.0
mixta:0.5:0.1,intcal20,1590,25,200,0.94,-32.0,32.0
mixta:0.5:0.1,intcal20,1600,25,200,0.96,-102.0,102.0
