edad_ap,sigma,curva,mediana_shcal20,mediana_curva,diferencia_anios,rango95_shcal20,rango95_curva
250,25,mixta:0.5:0.1,1751,1667,-84,1646–1680 d. C. (31.6 %); 1733–1802 d. C. (63.9 %),1636–1677 d. C. (53.5 %); 1737–1757 d. C. (7.2 %); 1761–1799 d. C. (34.8 %)
255,25,mixta:0.5:0.1,1748,1663,-85,1642–1677 d. C. (36.5 %); 1733–1801 d. C. (59.1 %),1531–1536 d. C. (0.8 %); 1634–1677 d. C. (59.3 %); 1738–1755 d. C. (5.0 %); 1762–1799 d. C. (30.4 %)
260,25,mixta:0.5:0.1,1742,1659,-83,1638–1676 d. C. (42.5 %); 1734–1800 d. C. (53.0 %),1527–1542 d. C. (2.6 %); 1632–1675 d. C. (64.1 %); 1740–1754 d. C. (3.3 %); 1763–1798 d. C. (25.4 %)
265,25,mixta:0.5:0.1,1671,1655,-16,1634–1676 d. C. (49.2 %); 1735–1800 d. C. (46.3 %),1524–1550 d. C. (5.6 %); 1629–1673 d. C. (67.6 %); 1741–1753 d. C. (2.1 %); 1764–1774 d. C. (2.1 %); 1778–1798 d. C. (18.0 %)
270,25,mixta:0.5:0.1,1665,1652,-13,1521 d. C. (0.1 %); 1532–1533 d. C. (0.2 %); 1629–1676 d. C. (55.9 %); 1734–1800 d. C. (39.2 %),1520–1555 d. C. (9.7 %); 1564–1571 d. C. (0.9 %); 1626–1671 d. C. (69.1 %); 1744–1751 d. C. (0.9 %); 1766–1772 d. C. (1.1 %); 1780–1797 d. C. (13.8 %)
275,25,mixta:0.5:0.1,1660,1648,-12,1516–1524 d. C. (1.3 %); 1527–1538 d. C. (1.7 %); 1540 d. C. (0.1 %); 1628–1674 d. C. (61.2 %); 1737–1798 d. C. (31.1 %),1516–1573 d. C. (17.2 %); 1624–1670 d. C. (68.2 %); 1769 d. C. (0.1 %); 1781–1796 d. C. (9.9 %)
280,25,mixta:0.5:0.1,1656,1644,-12,1512–1545 d. C. (6.8 %); 1626–1674 d. C. (65.4 %); 1738–1757 d. C. (5.3 %); 1762–1775 d. C. (4.0 %); 1778–1798 d. C. (14.0 %),1514–1575 d. C. (24.4 %); 1623–1668 d. C. (64.7 %); 1783–1795 d. C. (6.5 %)
285,25,mixta:0.5:0.1,1652,1639,-13,1511–1548 d. C. (10.5 %); 1562–1574 d. C. (1.7 %); 1624–1673 d. C. (67.4 %); 1741–1755 d. C. (3.1 %); 1764–1773 d. C. (2.4 %); 1780–1797 d. C. (10.4 %),1513–1579 d. C. (32.5 %); 1623–1667 d. C. (59.3 %); 1785–1794 d. C. (3.8 %)
290,25,mixta:0.5:0.1,1648,1633,-15,1510–1550 d. C. (15.0 %); 1559–1580 d. C. (3.8 %); 1623–1671 d. C. (66.7 %); 1744–1753 d. C. (1.5 %); 1766–1772 d. C. (1.3 %); 1782–1796 d. C. (7.2 %),1512–1583 d. C. (40.8 %); 1622–1665 d. C. (52.9 %); 1787–1792 d. C. (1.7 %)
295,25,mixta:0.5:0.1,1643,1588,-55,1510–1553 d. C. (20.1 %); 1555–1584 d. C. (6.5 %); 1622–1670 d. C. (63.9 %); 1768–1769 d. C. (0.3 %); 1783–1795 d. C. (4.7 %),1510–1587 d. C. (49.0 %); 1621–1663 d. C. (46.4 %); 1790 d. C. (0.2 %)
300,25,mixta:0.5:0.1,1637,1572,-65,1509–1584 d. C. (34.0 %); 1622–1668 d. C. (59.0 %); 1785–1793 d. C. (2.6 %),1510–1589 d. C. (55.4 %); 1621–1661 d. C. (40.1 %)
305,25,mixta:0.5:0.1,1631,1566,-65,1509–1586 d. C. (41.3 %); 1621–1667 d. C. (53.5 %); 1789–1791 d. C. (0.7 %),1509–1590 d. C. (60.7 %); 1620–1658 d. C. (34.7 %)
310,25,mixta:0.5:0.1,1608,1563,-45,1508–1587 d. C. (48.2 %); 1621–1665 d. C. (47.3 %),1507–1592 d. C. (65.3 %); 1619–1655 d. C. (30.3 %)
315,25,mixta:0.5:0.1,1576,1561,-15,1508–1588 d. C. (54.0 %); 1620–1662 d. C. (41.5 %),1505–1594 d. C. (68.8 %); 1617–1651 d. C. (26.8 %)
320,25,mixta:0.5:0.1,1570,1560,-10,1507–1590 d. C. (59.5 %); 1619–1658 d. C. (36.0 %),1503–1596 d. C. (71.4 %); 1616–1649 d. C. (24.1 %)
325,25,mixta:0.5:0.1,1566,1560,-6,1506–1592 d. C. (64.0 %); 1618–1654 d. C. (31.4 %),1502–1599 d. C. (73.3 %); 1614–1647 d. C. (22.2 %)
330,25,mixta:0.5:0.1,1563,1560,-3,1504–1593 d. C. (67.6 %); 1617–1651 d. C. (27.8 %),1499–1600 d. C. (74.6 %); 1612–1646 d. C. (20.9 %)
335,25,mixta:0.5:0.1,1562,1560,-2,1504–1595 d. C. (70.3 %); 1616–1650 d. C. (25.2 %),1497–1602 d. C. (75.4 %); 1609–1644 d. C. (20.1 %)
340,25,mixta:0.5:0.1,1561,1561,0,1502–1597 d. C. (72.6 %); 1614–1648 d. C. (22.9 %),1492–1603 d. C. (76.3 %); 1607–1641 d. C. (19.3 %)
345,25,mixta:0.5:0.1,1560,1561,1,1500–1599 d. C. (74.3 %); 1612–1647 d. C. (21.3 %),1489–1639 d. C. (95.6 %)
350,25,mixta:0.5:0.1,1560,1562,2,1499–1602 d. C. (75.3 %); 1609–1646 d. C. (20.1 %),1484–1636 d. C. (95.4 %)
355,25,mixta:0.5:0.1,1560,1562,2,1489–1490 d. C. (0.4 %); 1498–1644 d. C. (95.2 %),1480–1635 d. C. (95.5 %)
360,25,mixta:0.5:0.1,1560,1561,1,1486–1493 d. C. (1.8 %); 1496–1641 d. C. (93.7 %),1468 d. C. (0.2 %); 1476–1634 d. C. (95.4 %)
365,25,mixta:0.5:0.1,1560,1560,0,1466–1467 d. C. (0.4 %); 1483–1638 d. C. (95.1 %),1462–1528 d. C. (37.0 %); 1539–1632 d. C. (58.7 %)
370,25,mixta:0.5:0.1,1560,1558,-2,1463–1469 d. C. (1.9 %); 1482–1634 d. C. (93.6 %),1460–1527 d. C. (40.5 %); 1542–1631 d. C. (55.1 %)
375,25,mixta:0.5:0.1,1559,1553,-6,1463–1471 d. C. (3.1 %); 1480–1631 d. C. (92.4 %),1458–1525 d. C. (44.1 %); 1545–1630 d. C. (51.4 %)
380,25,mixta:0.5:0.1,1558,1536,-22,1462–1472 d. C. (4.7 %); 1478–1628 d. C. (91.0 %),1457–1524 d. C. (48.1 %); 1548–1628 d. C. (47.4 %)
385,25,mixta:0.5:0.1,1556,1513,-43,1460–1517 d. C. (33.7 %); 1522–1523 d. C. (0.6 %); 1525–1533 d. C. (2.8 %); 1536–1627 d. C. (58.5 %),1456–1522 d. C. (52.1 %); 1551–1627 d. C. (43.4 %)
390,25,mixta:0.5:0.1,1553,1503,-50,1459–1516 d. C. (37.9 %); 1526–1533 d. C. (2.0 %); 1536–1627 d. C. (55.8 %),1454–1520 d. C. (56.3 %); 1552–1566 d. C. (3.1 %); 1570–1625 d. C. (36.0 %)
395,25,mixta:0.5:0.1,1549,1498,-51,1457–1516 d. C. (42.7 %); 1529–1531 d. C. (0.6 %); 1538–1627 d. C. (52.2 %),1452–1519 d. C. (60.8 %); 1554–1563 d. C. (1.7 %); 1572–1624 d. C. (33.0 %)
400,25,mixta:0.5:0.1,1533,1493,-40,1456–1515 d. C. (47.2 %); 1539 d. C. (0.2 %); 1541–1626 d. C. (48.2 %),1450–1516 d. C. (64.9 %); 1558–1562 d. C. (0.6 %); 1574–1623 d. C. (29.9 %)
405,25,mixta:0.5:0.1,1507,1488,-19,1455–1513 d. C. (51.5 %); 1545–1625 d. C. (44.0 %),1448–1512 d. C. (68.8 %); 1577–1622 d. C. (26.6 %)
410,25,mixta:0.5:0.1,1501,1483,-18,1453–1511 d. C. (55.9 %); 1547–1565 d. C. (4.8 %); 1569–1624 d. C. (34.9 %),1446–1511 d. C. (72.9 %); 1586–1621 d. C. (22.6 %)
415,25,mixta:0.5:0.1,1496,1479,-17,1452–1511 d. C. (60.2 %); 1548–1562 d. C. (3.2 %); 1572 d. C. (0.1 %); 1574–1623 d. C. (31.9 %),1445–1508 d. C. (76.4 %); 1590–1619 d. C. (19.2 %)
420,25,mixta:0.5:0.1,1493,1475,-18,1451–1510 d. C. (64.1 %); 1549–1561 d. C. (2.2 %); 1578–1622 d. C. (29.2 %),1444–1506 d. C. (79.6 %); 1593–1618 d. C. (15.9 %)
425,25,mixta:0.5:0.1,1489,1472,-17,1449–1509 d. C. (67.8 %); 1551–1558 d. C. (1.1 %); 1583–1622 d. C. (26.4 %),1443–1504 d. C. (82.6 %); 1594–1616 d. C. (12.9 %)
430,25,mixta:0.5:0.1,1485,1468,-17,1447–1508 d. C. (71.3 %); 1553 d. C. (0.1 %); 1585–1621 d. C. (24.0 %),1440–1502 d. C. (85.7 %); 1596–1615 d. C. (10.0 %)
435,25,mixta:0.5:0.1,1482,1463,-19,1447–1507 d. C. (74.3 %); 1589–1619 d. C. (21.2 %),1438–1501 d. C. (88.5 %); 1598–1613 d. C. (7.1 %)
440,25,mixta:0.5:0.1,1479,1458,-21,1446–1505 d. C. (77.0 %); 1592–1618 d. C. (18.4 %),1436–1500 d. C. (90.9 %); 1600–1611 d. C. (4.6 %)
445,25,mixta:0.5:0.1,1476,1455,-21,1444–1504 d. C. (79.9 %); 1594–1616 d. C. (15.6 %),1433–1497 d. C. (92.7 %); 1602–1610 d. C. (2.8 %)
450,25,mixta:0.5:0.1,1473,1453,-20,1442–1503 d. C. (82.6 %); 1596–1615 d. C. (12.8 %),1428–1493 d. C. (94.6 %); 1604–1607 d. C. (1.0 %)
455,25,mixta:0.5:0.1,1468,1450,-18,1440–1502 d. C. (85.2 %); 1597–1614 d. C. (10.4 %),1425–1487 d. C. (95.5 %)
460,25,mixta:0.5:0.1,1461,1448,-13,1437–1501 d. C. (87.8 %); 1598–1612 d. C. (7.8 %),1425–1479 d. C. (95.5 %)
465,25,mixta:0.5:0.1,1457,1446,-11,1434–1500 d. C. (90.1 %); 1600–1611 d. C. (5.3 %),1424–1466 d. C. (92.7 %); 1469–1476 d. C. (2.8 %)
470,25,mixta:0.5:0.1,1454,1445,-9,1431–1499 d. C. (92.2 %); 1602–1610 d. C. (3.2 %),1421–1462 d. C. (94.5 %); 1471–1474 d. C. (0.9 %)
475,25,mixta:0.5:0.1,1452,1443,-9,1427–1497 d. C. (94.1 %); 1603–1607 d. C. (1.4 %),1420–1459 d. C. (95.5 %)
480,25,mixta:0.5:0.1,1450,1441,-9,1422–1484 d. C. (93.8 %); 1489–1491 d. C. (0.6 %); 1493–1494 d. C. (0.4 %); 1604–1607 d. C. (0.7 %),1420–1457 d. C. (95.5 %)
485,25,mixta:0.5:0.1,1448,1439,-9,1419–1465 d. C. (89.9 %); 1468–1483 d. C. (5.6 %),1419–1456 d. C. (95.4 %)
490,25,mixta:0.5:0.1,1446,1437,-9,1418–1461 d. C. (92.6 %); 1471–1480 d. C. (2.8 %),1417–1455 d. C. (95.6 %)
495,25,mixta:0.5:0.1,1444,1436,-8,1415–1460 d. C. (95.1 %); 1475–1476 d. C. (0.4 %),1414–1453 d. C. (95.9 %)
500,25,mixta:0.5:0.1,1442,1434,-8,1416–1458 d. C. (95.7 %),1412–1451 d. C. (95.6 %)
505,25,mixta:0.5:0.1,1440,1432,-8,1416–1456 d. C. (95.5 %),1411–1450 d. C. (95.5 %)
510,25,mixta:0.5:0.1,1438,1430,-8,1415–1455 d. C. (95.6 %),1409–1448 d. C. (95.5 %)
515,25,mixta:0.5:0.1,1437,1428,-9,1414–1454 d. C. (95.5 %),1408–1447 d. C. (95.4 %)
520,25,mixta:0.5:0.1,1435,1426,-9,1412–1453 d. C. (95.8 %),1406–1446 d. C. (95.9 %)
525,25,mixta:0.5:0.1,1433,1424,-9,1410–1451 d. C. (95.5 %),1404–1444 d. C. (95.6 %)
530,25,mixta:0.5:0.1,1431,1422,-9,1408–1450 d. C. (95.9 %),1402–1443 d. C. (95.7 %)
535,25,mixta:0.5:0.1,1429,1420,-9,1407–1449 d. C. (95.6 %),1400–1442 d. C. (95.6 %)
540,25,mixta:0.5:0.1,1427,1418,-9,1405–1448 d. C. (95.8 %),1398–1442 d. C. (95.6 %)
545,25,mixta:0.5:0.1,1425,1416,-9,1403–1446 d. C. (95.5 %),1330–1332 d. C. (0.8 %); 1396–1442 d. C. (94.8 %)
550,25,mixta:0.5:0.1,1423,1414,-9,1401–1445 d. C. (95.8 %),1328–1336 d. C. (3.1 %); 1395–1440 d. C. (92.4 %)
555,25,mixta:0.5:0.1,1421,1412,-9,1400–1444 d. C. (95.5 %),1327–1342 d. C. (6.7 %); 1394–1437 d. C. (88.9 %)
560,25,mixta:0.5:0.1,1419,1409,-10,1398–1444 d. C. (95.8 %),1326–1345 d. C. (11.1 %); 1393–1435 d. C. (84.6 %)
565,25,mixta:0.5:0.1,1417,1407,-10,1395–1443 d. C. (95.5 %),1325–1349 d. C. (17.0 %); 1393–1432 d. C. (78.6 %)
570,25,mixta:0.5:0.1,1415,1404,-11,1329–1333 d. C. (1.4 %); 1394–1442 d. C. (94.0 %),1324–1351 d. C. (23.4 %); 1392–1430 d. C. (72.3 %)
575,25,mixta:0.5:0.1,1412,1401,-11,1327–1336 d. C. (3.7 %); 1393–1441 d. C. (91.8 %),1323–1353 d. C. (30.5 %); 1391–1426 d. C. (65.0 %)
580,25,mixta:0.5:0.1,1410,1397,-13,1326–1341 d. C. (7.4 %); 1392–1438 d. C. (88.2 %),1322–1354 d. C. (37.5 %); 1390–1424 d. C. (58.1 %)
585,25,mixta:0.5:0.1,1408,1393,-15,1325–1344 d. C. (11.8 %); 1391–1435 d. C. (83.8 %),1321–1355 d. C. (44.1 %); 1389–1422 d. C. (51.3 %)
590,25,mixta:0.5:0.1,1405,1353,-52,1324–1345 d. C. (16.6 %); 1390–1433 d. C. (78.8 %),1320–1356 d. C. (50.1 %); 1388–1421 d. C. (45.3 %)
595,25,mixta:0.5:0.1,1402,1349,-53,1323–1348 d. C. (23.1 %); 1389–1430 d. C. (72.7 %),1319–1358 d. C. (55.4 %); 1386–1419 d. C. (40.1 %)
600,25,mixta:0.5:0.1,1399,1347,-52,1322–1349 d. C. (29.4 %); 1388–1427 d. C. (66.0 %),1316–1360 d. C. (60.1 %); 1385–1417 d. C. (35.5 %)
605,25,mixta:0.5:0.1,1396,1346,-50,1321–1352 d. C. (36.6 %); 1388–1424 d. C. (59.0 %),1310–1360 d. C. (64.2 %); 1384–1412 d. C. (31.3 %)
610,25,mixta:0.5:0.1,1392,1345,-47,1320–1353 d. C. (43.0 %); 1387–1421 d. C. (52.5 %),1307–1361 d. C. (67.3 %); 1383–1409 d. C. (28.3 %)
615,25,mixta:0.5:0.1,1355,1345,-10,1320–1354 d. C. (48.5 %); 1386–1420 d. C. (47.0 %),1306–1363 d. C. (69.6 %); 1382–1406 d. C. (25.9 %)
620,25,mixta:0.5:0.1,1348,1345,-3,1319–1356 d. C. (53.7 %); 1384–1416 d. C. (41.7 %),1304–1363 d. C. (71.0 %); 1381–1405 d. C. (24.5 %)
625,25,mixta:0.5:0.1,1346,1345,-1,1317–1357 d. C. (58.0 %); 1383–1414 d. C. (37.4 %),1303–1365 d. C. (72.3 %); 1380–1403 d. C. (23.3 %)
630,25,mixta:0.5:0.1,1345,1346,1,1315–1359 d. C. (61.5 %); 1382–1413 d. C. (34.0 %),1301–1366 d. C. (73.1 %); 1379–1401 d. C. (22.4 %)
635,25,mixta:0.5:0.1,1344,1346,2,1306–1308 d. C. (0.6 %); 1313–1360 d. C. (64.0 %); 1381–1410 d. C. (30.8 %),1300–1368 d. C. (73.7 %); 1378–1399 d. C. (21.8 %)
640,25,mixta:0.5:0.1,1344,1347,3,1304–1361 d. C. (67.8 %); 1381–1406 d. C. (27.8 %),1299–1370 d. C. (74.1 %); 1377–1397 d. C. (21.4 %)
645,25,mixta:0.5:0.1,1344,1348,4,1302–1362 d. C. (69.7 %); 1380–1404 d. C. (25.9 %),1298–1371 d. C. (74.1 %); 1376–1396 d. C. (21.5 %)
650,25,mixta:0.5:0.1,1344,1349,5,1300–1363 d. C. (71.1 %); 1379–1402 d. C. (24.4 %),1298–1329 d. C. (36.1 %); 1332–1395 d. C. (59.6 %)
655,25,mixta:0.5:0.1,1344,1350,6,1299–1365 d. C. (72.3 %); 1378–1401 d. C. (23.4 %),1295–1328 d. C. (38.0 %); 1334–1394 d. C. (57.5 %)
660,25,mixta:0.5:0.1,1345,1351,6,1298–1367 d. C. (73.2 %); 1377–1399 d. C. (22.4 %),1292–1327 d. C. (39.8 %); 1337–1394 d. C. (55.9 %)
665,25,mixta:0.5:0.1,1345,1352,7,1297–1369 d. C. (74.0 %); 1376–1397 d. C. (21.5 %),1289–1326 d. C. (41.5 %); 1341–1393 d. C. (54.0 %)
670,25,mixta:0.5:0.1,1346,1353,7,1297–1369 d. C. (73.8 %); 1374–1396 d. C. (21.6 %),1287–1325 d. C. (43.0 %); 1345–1392 d. C. (52.5 %)
675,25,mixta:0.5:0.1,1347,1353,6,1297–1393 d. C. (95.5 %),1285–1324 d. C. (44.5 %); 1349–1391 d. C. (51.0 %)
680,25,mixta:0.5:0.1,1347,1352,5,1294–1328 d. C. (37.4 %); 1332–1393 d. C. (58.2 %),1284–1323 d. C. (45.9 %); 1352–1390 d. C. (49.5 %)
685,25,mixta:0.5:0.1,1348,1348,0,1291–1328 d. C. (39.9 %); 1336–1393 d. C. (55.8 %),1283–1322 d. C. (47.5 %); 1354–1389 d. C. (48.0 %)
690,25,mixta:0.5:0.1,1349,1321,-28,1289–1326 d. C. (41.3 %); 1338–1392 d. C. (54.1 %),1282–1320 d. C. (49.0 %); 1355–1388 d. C. (46.4 %)
695,25,mixta:0.5:0.1,1349,1316,-33,1288–1325 d. C. (42.6 %); 1340–1392 d. C. (53.0 %),1281–1319 d. C. (51.3 %); 1356–1387 d. C. (44.2 %)
700,25,mixta:0.5:0.1,1349,1311,-38,1286–1324 d. C. (44.2 %); 1344–1391 d. C. (51.3 %),1280–1318 d. C. (54.0 %); 1357–1386 d. C. (41.5 %)
705,25,mixta:0.5:0.1,1349,1305,-44,1285–1323 d. C. (45.4 %); 1347–1390 d. C. (50.0 %),1279–1317 d. C. (57.1 %); 1358–1385 d. C. (38.3 %)
710,25,mixta:0.5:0.1,1346,1300,-46,1284–1322 d. C. (46.6 %); 1349–1389 d. C. (48.9 %),1277–1316 d. C. (61.0 %); 1359–1384 d. C. (34.6 %)
715,25,mixta:0.5:0.1,1332,1297,-35,1282–1321 d. C. (48.2 %); 1350–1387 d. C. (47.5 %),1276–1315 d. C. (65.0 %); 1360–1383 d. C. (30.5 %)
720,25,mixta:0.5:0.1,1319,1294,-25,1281–1320 d. C. (49.6 %); 1352–1387 d. C. (46.1 %),1274–1313 d. C. (69.2 %); 1361–1383 d. C. (26.4 %)
725,25,mixta:0.5:0.1,1316,1291,-25,1280–1320 d. C. (51.6 %); 1354–1386 d. C. (43.9 %),1272–1310 d. C. (73.3 %); 1361–1382 d. C. (22.2 %)
730,25,mixta:0.5:0.1,1313,1289,-24,1278–1319 d. C. (53.9 %); 1355–1385 d. C. (41.7 %),1269–1307 d. C. (77.6 %); 1362–1382 d. C. (17.9 %)
735,25,mixta:0.5:0.1,1309,1286,-23,1277–1318 d. C. (56.2 %); 1355–1385 d. C. (39.5 %),1267–1306 d. C. (81.5 %); 1362–1382 d. C. (14.1 %)
740,25,mixta:0.5:0.1,1303,1284,-19,1275–1318 d. C. (59.4 %); 1356–1384 d. C. (36.2 %),1234–1240 d. C. (1.4 %); 1265–1303 d. C. (84.0 %); 1364–1381 d. C. (10.2 %)
745,25,mixta:0.5:0.1,1298,1282,-16,1273–1318 d. C. (62.8 %); 1356–1384 d. C. (32.7 %),1231–1244 d. C. (3.8 %); 1264–1301 d. C. (84.9 %); 1366–1379 d. C. (6.7 %)
750,25,mixta:0.5:0.1,1293,1280,-13,1237–1241 d. C. (1.1 %); 1270–1317 d. C. (66.1 %); 1357–1383 d. C. (28.3 %),1230–1247 d. C. (7.0 %); 1262–1300 d. C. (84.4 %); 1368–1378 d. C. (4.0 %)
755,25,mixta:0.5:0.1,1290,1278,-12,1233–1244 d. C. (3.6 %); 1269–1316 d. C. (68.6 %); 1358–1382 d. C. (23.4 %),1228–1250 d. C. (11.6 %); 1259–1298 d. C. (82.2 %); 1371–1376 d. C. (1.7 %)
760,25,mixta:0.5:0.1,1287,1276,-11,1231–1246 d. C. (6.6 %); 1267–1314 d. C. (70.2 %); 1359–1382 d. C. (18.7 %),1228–1254 d. C. (17.4 %); 1258–1296 d. C. (78.1 %)
765,25,mixta:0.5:0.1,1284,1273,-11,1229–1249 d. C. (11.0 %); 1266–1313 d. C. (70.7 %); 1361–1381 d. C. (13.8 %),1227–1254 d. C. (23.4 %); 1257–1292 d. C. (72.2 %)
770,25,mixta:0.5:0.1,1281,1270,-11,1227–1253 d. C. (16.8 %); 1261–1303 d. C. (69.0 %); 1362–1380 d. C. (9.7 %),1227–1288 d. C. (95.5 %)
775,25,mixta:0.5:0.1,1278,1267,-11,1226–1254 d. C. (22.7 %); 1256 d. C. (0.2 %); 1259–1299 d. C. (66.8 %); 1365–1378 d. C. (5.8 %),1226–1286 d. C. (95.9 %)
780,25,mixta:0.5:0.1,1275,1262,-13,1225–1296 d. C. (93.0 %); 1368–1375 d. C. (2.6 %),1225–1283 d. C. (95.7 %)
785,25,mixta:0.5:0.1,1272,1257,-15,1224–1295 d. C. (95.2 %); 1371 d. C. (0.2 %),1225–1282 d. C. (95.9 %)
790,25,mixta:0.5:0.1,1268,1253,-15,1225–1292 d. C. (95.6 %),1224–1280 d. C. (95.8 %)
795,25,mixta:0.5:0.1,1261,1251,-10,1224–1289 d. C. (95.8 %),1223–1278 d. C. (95.5 %)
800,25,mixta:0.5:0.1,1255,1249,-6,1224–1287 d. C. (95.7 %),1222–1277 d. C. (95.7 %)
805,25,mixta:0.5:0.1,1252,1248,-4,1223–1285 d. C. (95.7 %),1222–1277 d. C. (95.7 %)
810,25,mixta:0.5:0.1,1250,1247,-3,1222–1283 d. C. (95.6 %),1220–1276 d. C. (96.0 %)
815,25,mixta:0.5:0.1,1249,1246,-3,1221–1282 d. C. (95.7 %),1219–1276 d. C. (95.7 %)
820,25,mixta:0.5:0.1,1248,1245,-3,1220–1281 d. C. (95.5 %),1216–1276 d. C. (95.7 %)
825,25,mixta:0.5:0.1,1248,1244,-4,1218–1280 d. C. (95.5 %),1188 d. C. (0.2 %); 1211–1276 d. C. (95.2 %)
830,25,mixta:0.5:0.1,1247,1242,-5,1216–1280 d. C. (95.4 %),1184–1192 d. C. (2.4 %); 1209–1275 d. C. (93.2 %)
835,25,mixta:0.5:0.1,1246,1239,-7,1190 d. C. (0.2 %); 1212–1280 d. C. (95.3 %),1183–1194 d. C. (4.5 %); 1204–1273 d. C. (91.0 %)
840,25,mixta:0.5:0.1,1245,1234,-11,1188–1194 d. C. (1.9 %); 1210–1278 d. C. (93.7 %),1182–1196 d. C. (7.4 %); 1200–1271 d. C. (88.0 %)
845,25,mixta:0.5:0.1,1244,1227,-17,1186–1197 d. C. (4.1 %); 1209–1277 d. C. (91.5 %),1180–1270 d. C. (95.7 %)
850,25,mixta:0.5:0.1,1241,1222,-19,1186–1200 d. C. (6.6 %); 1207–1276 d. C. (88.8 %),1166–1168 d. C. (0.9 %); 1178–1269 d. C. (94.7 %)
855,25,mixta:0.5:0.1,1235,1217,-18,1185–1203 d. C. (10.5 %); 1205–1274 d. C. (85.2 %),1165–1171 d. C. (2.9 %); 1177–1267 d. C. (92.8 %)
860,25,mixta:0.5:0.1,1228,1211,-17,1183–1273 d. C. (95.5 %),1162–1233 d. C. (78.7 %); 1240–1265 d. C. (16.8 %)
865,25,mixta:0.5:0.1,1223,1205,-18,1163–1166 d. C. (1.2 %); 1181–1272 d. C. (94.4 %),1160–1233 d. C. (84.5 %); 1243–1264 d. C. (11.0 %)
870,25,mixta:0.5:0.1,1218,1200,-18,1161–1168 d. C. (3.2 %); 1181–1271 d. C. (92.4 %),1158–1231 d. C. (88.4 %); 1245–1264 d. C. (7.1 %)
875,25,mixta:0.5:0.1,1213,1197,-16,1160–1171 d. C. (5.7 %); 1178–1236 d. C. (68.4 %); 1241–1270 d. C. (21.4 %),1156–1230 d. C. (91.0 %); 1246–1263 d. C. (4.5 %)
880,25,mixta:0.5:0.1,1208,1194,-14,1158–1233 d. C. (80.3 %); 1245–1269 d. C. (15.3 %),1055–1058 d. C. (0.6 %); 1073–1076 d. C. (0.6 %); 1155–1228 d. C. (91.9 %); 1249–1261 d. C. (2.3 %)
885,25,mixta:0.5:0.1,1203,1191,-12,1156–1231 d. C. (84.6 %); 1246–1268 d. C. (11.0 %),1053–1061 d. C. (1.6 %); 1069–1078 d. C. (1.7 %); 1154–1226 d. C. (91.7 %); 1255–1257 d. C. (0.4 %)
890,25,mixta:0.5:0.1,1199,1188,-11,1155–1231 d. C. (87.9 %); 1247–1267 d. C. (7.6 %),1053–1062 d. C. (2.4 %); 1067–1079 d. C. (2.9 %); 1153–1224 d. C. (90.2 %)
895,25,mixta:0.5:0.1,1196,1184,-12,1074–1077 d. C. (0.6 %); 1153–1229 d. C. (89.9 %); 1249–1266 d. C. (5.0 %),1052–1064 d. C. (3.9 %); 1066–1079 d. C. (4.2 %); 1153–1222 d. C. (87.3 %)
900,25,mixta:0.5:0.1,1193,1180,-13,1055–1058 d. C. (0.6 %); 1072–1078 d. C. (1.4 %); 1152–1227 d. C. (90.6 %); 1251–1264 d. C. (2.9 %),1051–1081 d. C. (11.6 %); 1150–1221 d. C. (83.9 %)
905,25,mixta:0.5:0.1,1189,1175,-14,1053–1060 d. C. (1.5 %); 1070–1080 d. C. (2.5 %); 1151–1226 d. C. (90.3 %); 1255–1262 d. C. (1.3 %),1049–1083 d. C. (15.8 %); 1135–1137 d. C. (0.3 %); 1146–1221 d. C. (79.3 %)
910,25,mixta:0.5:0.1,1186,1170,-16,1052–1062 d. C. (2.5 %); 1068–1081 d. C. (3.8 %); 1148–1225 d. C. (89.1 %),1048–1084 d. C. (20.2 %); 1130–1220 d. C. (75.3 %)
915,25,mixta:0.5:0.1,1182,1164,-18,1051–1064 d. C. (3.8 %); 1067–1082 d. C. (5.3 %); 1148–1223 d. C. (86.4 %),1047–1085 d. C. (24.9 %); 1096–1102 d. C. (1.0 %); 1118–1119 d. C. (0.3 %); 1126–1218 d. C. (69.3 %)
920,25,mixta:0.5:0.1,1177,1157,-20,1050–1083 d. C. (12.5 %); 1146–1222 d. C. (83.0 %),1046–1086 d. C. (29.6 %); 1095–1102 d. C. (1.6 %); 1115–1122 d. C. (1.4 %); 1124–1216 d. C. (62.9 %)
925,25,mixta:0.5:0.1,1172,1144,-28,1049–1085 d. C. (16.2 %); 1113 d. C. (0.1 %); 1139–1221 d. C. (79.1 %),1046–1086 d. C. (33.4 %); 1094–1105 d. C. (3.0 %); 1112–1214 d. C. (59.0 %)
930,25,mixta:0.5:0.1,1168,1126,-42,1048–1085 d. C. (20.1 %); 1110–1119 d. C. (1.4 %); 1137–1220 d. C. (74.0 %),1045–1087 d. C. (36.7 %); 1093–1106 d. C. (4.4 %); 1108–1210 d. C. (54.4 %)
935,25,mixta:0.5:0.1,1162,1112,-50,1047–1086 d. C. (24.4 %); 1108–1122 d. C. (2.7 %); 1132–1218 d. C. (68.4 %),1040–1183 d. C. (91.5 %); 1194–1207 d. C. (4.0 %)
940,25,mixta:0.5:0.1,1156,1104,-52,1046–1089 d. C. (28.9 %); 1102 d. C. (0.1 %); 1106–1123 d. C. (4.1 %); 1129–1216 d. C. (62.4 %),1036–1182 d. C. (94.3 %); 1196–1201 d. C. (1.3 %)
945,25,mixta:0.5:0.1,1147,1101,-46,1046–1090 d. C. (32.6 %); 1097–1124 d. C. (7.2 %); 1129–1213 d. C. (55.7 %),1035–1179 d. C. (95.5 %)
950,25,mixta:0.5:0.1,1130,1100,-30,1046–1091 d. C. (35.8 %); 1093–1188 d. C. (53.6 %); 1193–1211 d. C. (6.0 %),1033–1164 d. C. (93.4 %); 1170–1177 d. C. (2.2 %)
955,25,mixta:0.5:0.1,1115,1099,-16,1036–1037 d. C. (0.4 %); 1039–1185 d. C. (92.3 %); 1198–1208 d. C. (2.8 %),1032–1162 d. C. (95.0 %); 1173–1175 d. C. (0.6 %)
960,25,mixta:0.5:0.1,1108,1099,-9,1032–1184 d. C. (95.3 %); 1203 d. C. (0.2 %),1032–1159 d. C. (95.5 %)
965,25,mixta:0.5:0.1,1102,1099,-3,1033–1181 d. C. (95.6 %),1032–1157 d. C. (95.8 %)
970,25,mixta:0.5:0.1,1099,1099,0,1031–1161 d. C. (90.5 %); 1168–1180 d. C. (5.0 %),1031–1154 d. C. (95.5 %)
975,25,mixta:0.5:0.1,1098,1099,1,1030–1159 d. C. (92.6 %); 1171–1179 d. C. (2.9 %),1029–1054 d. C. (19.6 %); 1058–1154 d. C. (75.9 %)
980,25,mixta:0.5:0.1,1097,1099,2,1029–1158 d. C. (94.3 %); 1173–1176 d. C. (1.1 %),1027–1054 d. C. (21.8 %); 1058–1073 d. C. (7.0 %); 1077–1154 d. C. (66.8 %)
985,25,mixta:0.5:0.1,1097,1098,1,1028–1157 d. C. (95.7 %),1025–1054 d. C. (24.1 %); 1059–1072 d. C. (5.3 %); 1078–1154 d. C. (66.1 %)
990,25,mixta:0.5:0.1,1097,1097,0,1028–1154 d. C. (95.7 %),1023–1053 d. C. (26.5 %); 1060–1071 d. C. (4.0 %); 1078–1154 d. C. (65.0 %)
995,25,mixta:0.5:0.1,1096,1095,-1,1027–1074 d. C. (32.9 %); 1077–1153 d. C. (62.7 %),1022–1053 d. C. (29.3 %); 1060–1071 d. C. (3.3 %); 1078–1153 d. C. (62.9 %)
1000,25,mixta:0.5:0.1,1096,1092,-4,1026–1073 d. C. (32.9 %); 1078–1152 d. C. (62.5 %),996–1001 d. C. (1.6 %); 1021–1052 d. C. (32.1 %); 1062–1069 d. C. (1.9 %); 1079–1153 d. C. (59.9 %)
1005,25,mixta:0.5:0.1,1096,1089,-7,1025–1072 d. C. (33.1 %); 1079–1152 d. C. (62.3 %),995–1003 d. C. (3.3 %); 1019–1052 d. C. (35.6 %); 1063–1067 d. C. (1.0 %); 1080–1152 d. C. (55.6 %)
1010,25,mixta:0.5:0.1,1095,1083,-12,1023–1055 d. C. (27.1 %); 1057–1072 d. C. (6.8 %); 1079–1151 d. C. (61.6 %),994–1005 d. C. (5.9 %); 1017–1051 d. C. (39.0 %); 1065 d. C. (0.2 %); 1080–1152 d. C. (50.5 %)
1015,25,mixta:0.5:0.1,1094,1044,-50,1022–1055 d. C. (29.1 %); 1058–1072 d. C. (5.7 %); 1079–1151 d. C. (60.6 %),994–1007 d. C. (9.5 %); 1014–1050 d. C. (42.7 %); 1082–1149 d. C. (43.3 %)
1020,25,mixta:0.5:0.1,1092,1035,-57,995–1000 d. C. (1.6 %); 1020–1053 d. C. (31.0 %); 1059–1070 d. C. (4.2 %); 1080–1151 d. C. (58.7 %),994–1008 d. C. (14.3 %); 1011–1048 d. C. (46.0 %); 1083–1146 d. C. (35.2 %)
1025,25,mixta:0.5:0.1,1090,1029,-61,995–1002 d. C. (3.0 %); 1019–1052 d. C. (33.1 %); 1060–1070 d. C. (3.4 %); 1080–1150 d. C. (56.1 %),993–1048 d. C. (69.5 %); 1084–1134 d. C. (24.3 %); 1139–1144 d. C. (1.8 %)
1030,25,mixta:0.5:0.1,1087,1025,-62,994–1004 d. C. (5.5 %); 1018–1052 d. C. (35.4 %); 1061–1069 d. C. (2.5 %); 1081–1149 d. C. (52.3 %),993–1047 d. C. (77.1 %); 1085–1133 d. C. (17.7 %); 1141–1143 d. C. (0.7 %)
1035,25,mixta:0.5:0.1,1066,1021,-45,994–1006 d. C. (8.7 %); 1016–1051 d. C. (37.6 %); 1062–1068 d. C. (1.7 %); 1082–1148 d. C. (47.5 %),992–1046 d. C. (83.8 %); 1086–1130 d. C. (11.7 %)
1040,25,mixta:0.5:0.1,1043,1017,-26,993–1010 d. C. (13.8 %); 1014–1050 d. C. (39.6 %); 1065 d. C. (0.2 %); 1082–1147 d. C. (41.9 %),991–1046 d. C. (89.0 %); 1086–1096 d. C. (2.2 %); 1101–1115 d. C. (2.7 %); 1119–1128 d. C. (1.6 %)
1045,25,mixta:0.5:0.1,1035,1013,-22,993–1049 d. C. (61.1 %); 1084–1143 d. C. (34.4 %),990–1045 d. C. (92.1 %); 1087–1095 d. C. (1.2 %); 1102–1114 d. C. (1.5 %); 1121–1126 d. C. (0.6 %)
1050,25,mixta:0.5:0.1,1027,1010,-17,993–1048 d. C. (68.3 %); 1085–1141 d. C. (27.2 %),977–984 d. C. (0.8 %); 988–1045 d. C. (93.8 %); 1088–1093 d. C. (0.5 %); 1107–1110 d. C. (0.3 %)
1055,25,mixta:0.5:0.1,1023,1008,-15,992–1047 d. C. (75.5 %); 1085–1115 d. C. (12.0 %); 1117–1137 d. C. (7.9 %),906–911 d. C. (0.7 %); 977–1036 d. C. (94.7 %)
1060,25,mixta:0.5:0.1,1019,1007,-12,991–1047 d. C. (81.8 %); 1086–1112 d. C. (8.2 %); 1117–1135 d. C. (5.5 %),905–912 d. C. (1.4 %); 976–1032 d. C. (94.2 %)
1065,25,mixta:0.5:0.1,1014,1006,-8,990–1046 d. C. (86.4 %); 1086–1110 d. C. (5.5 %); 1119–1134 d. C. (3.5 %),904–914 d. C. (2.7 %); 975–1030 d. C. (92.7 %)
1070,25,mixta:0.5:0.1,1010,1005,-5,989–1046 d. C. (89.6 %); 1086–1108 d. C. (3.5 %); 1110 d. C. (0.1 %); 1119–1133 d. C. (2.3 %),902–917 d. C. (5.2 %); 973–1029 d. C. (90.4 %)
1075,25,mixta:0.5:0.1,1008,1004,-4,908–914 d. C. (0.8 %); 973–980 d. C. (1.1 %); 988–1044 d. C. (90.8 %); 1089–1104 d. C. (1.8 %); 1122–1130 d. C. (1.0 %),900–920 d. C. (8.4 %); 970–1027 d. C. (87.0 %)
1080,25,mixta:0.5:0.1,1007,1000,-7,903–919 d. C. (2.4 %); 971–1035 d. C. (92.3 %); 1038–1043 d. C. (0.6 %),899–922 d. C. (12.2 %); 964 d. C. (0.2 %); 966–1026 d. C. (83.0 %)
1085,25,mixta:0.5:0.1,1006,994,-12,903–920 d. C. (3.8 %); 970–1030 d. C. (91.7 %),898–924 d. C. (16.7 %); 960–1024 d. C. (78.9 %)
1090,25,mixta:0.5:0.1,1005,988,-17,903–920 d. C. (5.7 %); 970–1028 d. C. (89.8 %),897–926 d. C. (21.6 %); 957–1023 d. C. (73.9 %)
1095,25,mixta:0.5:0.1,1004,981,-23,902–922 d. C. (8.8 %); 969–1026 d. C. (86.8 %),896–928 d. C. (26.5 %); 954–1022 d. C. (68.9 %)
1100,25,mixta:0.5:0.1,1001,975,-26,901–924 d. C. (12.7 %); 968–1025 d. C. (82.8 %),895–931 d. C. (31.3 %); 952–1021 d. C. (64.2 %)
1105,25,mixta:0.5:0.1,995,968,-27,899–926 d. C. (17.6 %); 966–1024 d. C. (78.0 %),894–934 d. C. (35.6 %); 947–995 d. C. (46.6 %); 1002–1020 d. C. (13.2 %)
1110,25,mixta:0.5:0.1,990,962,-28,898–928 d. C. (22.7 %); 964–1023 d. C. (72.7 %),894–937 d. C. (39.1 %); 944–994 d. C. (48.2 %); 1004–1018 d. C. (8.3 %)
1115,25,mixta:0.5:0.1,982,956,-26,897–931 d. C. (28.2 %); 962–1022 d. C. (67.4 %),893–937 d. C. (41.6 %); 942–993 d. C. (49.1 %); 1006–1016 d. C. (4.8 %)
1120,25,mixta:0.5:0.1,976,950,-26,896–932 d. C. (32.9 %); 959–996 d. C. (38.6 %); 998–1022 d. C. (23.9 %),892–993 d. C. (94.3 %); 1009–1012 d. C. (1.4 %)
1125,25,mixta:0.5:0.1,971,946,-25,895–936 d. C. (37.8 %); 956–994 d. C. (40.2 %); 1000–1021 d. C. (17.5 %),891–992 d. C. (95.6 %)
1130,25,mixta:0.5:0.1,965,942,-23,894–938 d. C. (41.6 %); 954–994 d. C. (41.5 %); 1002–1020 d. C. (12.4 %),892–991 d. C. (95.4 %)
1135,25,mixta:0.5:0.1,958,940,-18,894–940 d. C. (44.6 %); 942 d. C. (0.3 %); 951–993 d. C. (42.5 %); 1004–1018 d. C. (8.2 %),892–991 d. C. (95.4 %)
1140,25,mixta:0.5:0.1,948,938,-10,893–943 d. C. (47.7 %); 948–992 d. C. (43.2 %); 1007–1016 d. C. (4.7 %),890–990 d. C. (95.5 %)
1145,25,mixta:0.5:0.1,942,937,-5,893–992 d. C. (94.0 %); 1010–1013 d. C. (1.6 %),888–990 d. C. (95.5 %)
1150,25,mixta:0.5:0.1,939,936,-3,891–992 d. C. (95.6 %),777–778 d. C. (0.7 %); 886–990 d. C. (94.9 %)
1155,25,mixta:0.5:0.1,938,935,-3,892–991 d. C. (95.5 %),776–779 d. C. (1.6 %); 883–990 d. C. (93.8 %)
1160,25,mixta:0.5:0.1,937,933,-4,891–990 d. C. (95.5 %),776–783 d. C. (3.2 %); 877–990 d. C. (92.2 %)
1165,25,mixta:0.5:0.1,937,931,-6,890–990 d. C. (95.5 %),775–786 d. C. (4.9 %); 840–849 d. C. (1.2 %); 852–853 d. C. (0.2 %); 873–990 d. C. (89.1 %)
1170,25,mixta:0.5:0.1,937,927,-10,887–990 d. C. (95.6 %),775–786 d. C. (6.5 %); 836–860 d. C. (4.2 %); 869–989 d. C. (84.7 %)
1175,25,mixta:0.5:0.1,936,918,-18,777–779 d. C. (1.0 %); 885–990 d. C. (94.7 %),775–787 d. C. (8.5 %); 806–807 d. C. (0.3 %); 832–978 d. C. (85.3 %); 981–988 d. C. (1.5 %)
1180,25,mixta:0.5:0.1,936,893,-43,776–781 d. C. (2.1 %); 881–990 d. C. (93.4 %),775–789 d. C. (10.7 %); 798–812 d. C. (3.0 %); 828–907 d. C. (39.8 %); 912–976 d. C. (42.0 %)
1185,25,mixta:0.5:0.1,934,885,-49,775–782 d. C. (3.3 %); 800–808 d. C. (1.3 %); 878–990 d. C. (90.9 %),775–791 d. C. (12.9 %); 795–814 d. C. (5.1 %); 825–903 d. C. (44.5 %); 917–973 d. C. (33.0 %)
1190,25,mixta:0.5:0.1,932,875,-57,775–785 d. C. (4.9 %); 797–812 d. C. (3.0 %); 873–989 d. C. (87.5 %),775–816 d. C. (22.2 %); 823–899 d. C. (48.9 %); 921–969 d. C. (24.4 %)
1195,25,mixta:0.5:0.1,928,861,-67,775–786 d. C. (6.6 %); 795–813 d. C. (4.6 %); 858–866 d. C. (1.3 %); 869–988 d. C. (82.9 %),775–897 d. C. (79.4 %); 925–961 d. C. (16.2 %)
1200,25,mixta:0.5:0.1,913,853,-60,775–789 d. C. (8.8 %); 792–815 d. C. (7.2 %); 849–908 d. C. (30.3 %); 914–974 d. C. (46.8 %); 978–987 d. C. (2.3 %),774–895 d. C. (85.3 %); 928–956 d. C. (10.2 %)
250,25,intcal20,1751,1655,-96,1646–1680 d. C. (31.6 %); 1733–1802 d. C. (63.9 %),1526–1558 d. C. (9.5 %); 1569 d. C. (0.1 %); 1632–1671 d. C. (61.7 %); 1744–1748 d. C. (0.5 %); 1767–1772 d. C. (0.8 %); 1778–1798 d. C. (20.6 %); 1943–1950 d. C. (2.3 %)
255,25,intcal20,1748,1651,-97,1642–1677 d. C. (36.5 %); 1733–1801 d. C. (59.1 %),1524–1560 d. C. (14.3 %); 1564–1571 d. C. (1.0 %); 1631–1670 d. C. (62.1 %); 1769–1770 d. C. (0.2 %); 1780–1797 d. C. (16.3 %); 1944–1950 d. C. (1.5 %)
260,25,intcal20,1742,1647,-95,1638–1676 d. C. (42.5 %); 1734–1800 d. C. (53.0 %),1523–1573 d. C. (22.1 %); 1629–1669 d. C. (60.4 %); 1781–1796 d. C. (12.2 %); 1947–1950 d. C. (0.7 %)
265,25,intcal20,1671,1643,-28,1634–1676 d. C. (49.2 %); 1735–1800 d. C. (46.3 %),1522–1575 d. C. (29.5 %); 1623–1667 d. C. (57.3 %); 1782–1795 d. C. (8.5 %); 1950 d. C. (0.1 %)
270,25,intcal20,1665,1638,-27,1521 d. C. (0.1 %); 1532–1533 d. C. (0.2 %); 1629–1676 d. C. (55.9 %); 1734–1800 d. C. (39.2 %),1521–1579 d. C. (37.4 %); 1585–1586 d. C. (0.3 %); 1622–1666 d. C. (52.3 %); 1784–1795 d. C. (5.6 %)
275,25,intcal20,1660,1625,-35,1516–1524 d. C. (1.3 %); 1527–1538 d. C. (1.7 %); 1540 d. C. (0.1 %); 1628–1674 d. C. (61.2 %); 1737–1798 d. C. (31.1 %),1520–1588 d. C. (45.9 %); 1622–1664 d. C. (46.4 %); 1786–1794 d. C. (3.2 %)
280,25,intcal20,1656,1573,-83,1512–1545 d. C. (6.8 %); 1626–1674 d. C. (65.4 %); 1738–1757 d. C. (5.3 %); 1762–1775 d. C. (4.0 %); 1778–1798 d. C. (14.0 %),1515 d. C. (0.2 %); 1518–1590 d. C. (52.8 %); 1620–1662 d. C. (40.9 %); 1787–1793 d. C. (1.7 %)
285,25,intcal20,1652,1566,-86,1511–1548 d. C. (10.5 %); 1562–1574 d. C. (1.7 %); 1624–1673 d. C. (67.4 %); 1741–1755 d. C. (3.1 %); 1764–1773 d. C. (2.4 %); 1780–1797 d. C. (10.4 %),1511–1591 d. C. (59.2 %); 1620–1660 d. C. (35.6 %); 1789–1792 d. C. (0.7 %)
290,25,intcal20,1648,1562,-86,1510–1550 d. C. (15.0 %); 1559–1580 d. C. (3.8 %); 1623–1671 d. C. (66.7 %); 1744–1753 d. C. (1.5 %); 1766–1772 d. C. (1.3 %); 1782–1796 d. C. (7.2 %),1508–1594 d. C. (64.0 %); 1618–1659 d. C. (31.5 %)
295,25,intcal20,1643,1560,-83,1510–1553 d. C. (20.1 %); 1555–1584 d. C. (6.5 %); 1622–1670 d. C. (63.9 %); 1768–1769 d. C. (0.3 %); 1783–1795 d. C. (4.7 %),1505–1596 d. C. (67.6 %); 1617–1657 d. C. (27.9 %)
300,25,intcal20,1637,1560,-77,1509–1584 d. C. (34.0 %); 1622–1668 d. C. (59.0 %); 1785–1793 d. C. (2.6 %),1500 d. C. (0.2 %); 1502–1599 d. C. (70.4 %); 1616–1653 d. C. (24.9 %)
305,25,intcal20,1631,1560,-71,1509–1586 d. C. (41.3 %); 1621–1667 d. C. (53.5 %); 1789–1791 d. C. (0.7 %),1497–1600 d. C. (72.6 %); 1614–1649 d. C. (22.8 %)
310,25,intcal20,1608,1561,-47,1508–1587 d. C. (48.2 %); 1621–1665 d. C. (47.3 %),1496–1601 d. C. (73.6 %); 1610–1646 d. C. (21.9 %)
315,25,intcal20,1576,1562,-14,1508–1588 d. C. (54.0 %); 1620–1662 d. C. (41.5 %),1493–1602 d. C. (74.5 %); 1609–1644 d. C. (21.1 %)
320,25,intcal20,1570,1562,-8,1507–1590 d. C. (59.5 %); 1619–1658 d. C. (36.0 %),1492–1603 d. C. (74.6 %); 1607–1642 d. C. (20.8 %)
325,25,intcal20,1566,1563,-3,1506–1592 d. C. (64.0 %); 1618–1654 d. C. (31.4 %),1490–1640 d. C. (95.5 %)
330,25,intcal20,1563,1564,1,1504–1593 d. C. (67.6 %); 1617–1651 d. C. (27.8 %),1485–1638 d. C. (95.6 %)
335,25,intcal20,1562,1564,2,1504–1595 d. C. (70.3 %); 1616–1650 d. C. (25.2 %),1480–1532 d. C. (30.6 %); 1535–1636 d. C. (64.8 %)
340,25,intcal20,1561,1564,3,1502–1597 d. C. (72.6 %); 1614–1648 d. C. (22.9 %),1476–1531 d. C. (33.3 %); 1537–1636 d. C. (62.2 %)
345,25,intcal20,1560,1563,3,1500–1599 d. C. (74.3 %); 1612–1647 d. C. (21.3 %),1473–1530 d. C. (35.8 %); 1538–1636 d. C. (59.6 %)
350,25,intcal20,1560,1561,1,1499–1602 d. C. (75.3 %); 1609–1646 d. C. (20.1 %),1460–1464 d. C. (1.2 %); 1469–1528 d. C. (38.5 %); 1540–1546 d. C. (1.8 %); 1549–1634 d. C. (53.9 %)
355,25,intcal20,1560,1557,-3,1489–1490 d. C. (0.4 %); 1498–1644 d. C. (95.2 %),1459–1527 d. C. (43.8 %); 1543–1544 d. C. (0.4 %); 1551–1634 d. C. (51.3 %)
360,25,intcal20,1560,1545,-15,1486–1493 d. C. (1.8 %); 1496–1641 d. C. (93.7 %),1457–1526 d. C. (47.3 %); 1553–1633 d. C. (48.3 %)
365,25,intcal20,1560,1521,-39,1466–1467 d. C. (0.4 %); 1483–1638 d. C. (95.1 %),1456–1525 d. C. (50.8 %); 1556–1632 d. C. (44.7 %)
370,25,intcal20,1560,1513,-47,1463–1469 d. C. (1.9 %); 1482–1634 d. C. (93.6 %),1455–1524 d. C. (54.5 %); 1558–1567 d. C. (2.4 %); 1569–1631 d. C. (38.6 %)
375,25,intcal20,1559,1506,-53,1463–1471 d. C. (3.1 %); 1480–1631 d. C. (92.4 %),1452–1524 d. C. (58.8 %); 1560–1564 d. C. (1.1 %); 1571–1631 d. C. (35.6 %)
380,25,intcal20,1558,1498,-60,1462–1472 d. C. (4.7 %); 1478–1628 d. C. (91.0 %),1449–1523 d. C. (63.1 %); 1562–1563 d. C. (0.4 %); 1573–1629 d. C. (32.0 %)
385,25,intcal20,1556,1492,-64,1460–1517 d. C. (33.7 %); 1522–1523 d. C. (0.6 %); 1525–1533 d. C. (2.8 %); 1536–1627 d. C. (58.5 %),1447–1522 d. C. (67.3 %); 1575–1624 d. C. (27.7 %); 1627–1628 d. C. (0.4 %)
390,25,intcal20,1553,1486,-67,1459–1516 d. C. (37.9 %); 1526–1533 d. C. (2.0 %); 1536–1627 d. C. (55.8 %),1445–1521 d. C. (71.6 %); 1578–1622 d. C. (23.9 %)
395,25,intcal20,1549,1479,-70,1457–1516 d. C. (42.7 %); 1529–1531 d. C. (0.6 %); 1538–1627 d. C. (52.2 %),1443–1520 d. C. (75.7 %); 1582–1584 d. C. (0.5 %); 1587–1621 d. C. (19.3 %)
400,25,intcal20,1533,1474,-59,1456–1515 d. C. (47.2 %); 1539 d. C. (0.2 %); 1541–1626 d. C. (48.2 %),1441–1518 d. C. (79.6 %); 1590–1620 d. C. (16.0 %)
405,25,intcal20,1507,1470,-37,1455–1513 d. C. (51.5 %); 1545–1625 d. C. (44.0 %),1439–1511 d. C. (82.6 %); 1591–1619 d. C. (13.0 %)
410,25,intcal20,1501,1467,-34,1453–1511 d. C. (55.9 %); 1547–1565 d. C. (4.8 %); 1569–1624 d. C. (34.9 %),1437–1507 d. C. (85.8 %); 1594–1617 d. C. (9.6 %)
415,25,intcal20,1496,1463,-33,1452–1511 d. C. (60.2 %); 1548–1562 d. C. (3.2 %); 1572 d. C. (0.1 %); 1574–1623 d. C. (31.9 %),1435–1503 d. C. (88.6 %); 1597–1617 d. C. (6.9 %)
420,25,intcal20,1493,1459,-34,1451–1510 d. C. (64.1 %); 1549–1561 d. C. (2.2 %); 1578–1622 d. C. (29.2 %),1433–1501 d. C. (91.2 %); 1601–1615 d. C. (4.3 %)
425,25,intcal20,1489,1455,-34,1449–1509 d. C. (67.8 %); 1551–1558 d. C. (1.1 %); 1583–1622 d. C. (26.4 %),1428–1495 d. C. (93.3 %); 1602–1610 d. C. (2.2 %)
430,25,intcal20,1485,1453,-32,1447–1508 d. C. (71.3 %); 1553 d. C. (0.1 %); 1585–1621 d. C. (24.0 %),1427–1490 d. C. (94.7 %); 1604–1607 d. C. (0.8 %)
435,25,intcal20,1482,1450,-32,1447–1507 d. C. (74.3 %); 1589–1619 d. C. (21.2 %),1425–1482 d. C. (95.3 %); 1487 d. C. (0.2 %)
440,25,intcal20,1479,1448,-31,1446–1505 d. C. (77.0 %); 1592–1618 d. C. (18.4 %),1425–1476 d. C. (95.5 %)
445,25,intcal20,1476,1446,-30,1444–1504 d. C. (79.9 %); 1594–1616 d. C. (15.6 %),1425–1473 d. C. (95.5 %)
450,25,intcal20,1473,1444,-29,1442–1503 d. C. (82.6 %); 1596–1615 d. C. (12.8 %),1423–1461 d. C. (91.7 %); 1463–1471 d. C. (4.0 %)
455,25,intcal20,1468,1442,-26,1440–1502 d. C. (85.2 %); 1597–1614 d. C. (10.4 %),1422–1460 d. C. (93.5 %); 1463–1468 d. C. (1.9 %)
460,25,intcal20,1461,1440,-21,1437–1501 d. C. (87.8 %); 1598–1612 d. C. (7.8 %),1418–1459 d. C. (95.3 %); 1466 d. C. (0.2 %)
465,25,intcal20,1457,1438,-19,1434–1500 d. C. (90.1 %); 1600–1611 d. C. (5.3 %),1417–1457 d. C. (95.5 %)
470,25,intcal20,1454,1436,-18,1431–1499 d. C. (92.2 %); 1602–1610 d. C. (3.2 %),1414–1415 d. C. (1.0 %); 1417–1455 d. C. (94.7 %)
475,25,intcal20,1452,1435,-17,1427–1497 d. C. (94.1 %); 1603–1607 d. C. (1.4 %),1413–1453 d. C. (95.7 %)
480,25,intcal20,1450,1433,-17,1422–1484 d. C. (93.8 %); 1489–1491 d. C. (0.6 %); 1493–1494 d. C. (0.4 %); 1604–1607 d. C. (0.7 %),1411–1451 d. C. (95.9 %)
485,25,intcal20,1448,1431,-17,1419–1465 d. C. (89.9 %); 1468–1483 d. C. (5.6 %),1410–1449 d. C. (95.7 %)
490,25,intcal20,1446,1429,-17,1418–1461 d. C. (92.6 %); 1471–1480 d. C. (2.8 %),1408–1447 d. C. (96.0 %)
495,25,intcal20,1444,1427,-17,1415–1460 d. C. (95.1 %); 1475–1476 d. C. (0.4 %),1407–1446 d. C. (96.0 %)
500,25,intcal20,1442,1425,-17,1416–1458 d. C. (95.7 %),1406–1445 d. C. (95.7 %)
505,25,intcal20,1440,1423,-17,1416–1456 d. C. (95.5 %),1404–1444 d. C. (95.6 %)
510,25,intcal20,1438,1421,-17,1415–1455 d. C. (95.6 %),1401–1443 d. C. (95.6 %)
515,25,intcal20,1437,1419,-18,1414–1454 d. C. (95.5 %),1397–1443 d. C. (95.6 %)
520,25,intcal20,1435,1417,-18,1412–1453 d. C. (95.8 %),1329–1334 d. C. (1.7 %); 1396–1442 d. C. (93.8 %)
525,25,intcal20,1433,1415,-18,1410–1451 d. C. (95.5 %),1328–1342 d. C. (5.0 %); 1396–1439 d. C. (90.5 %)
530,25,intcal20,1431,1413,-18,1408–1450 d. C. (95.9 %),1327–1345 d. C. (8.5 %); 1347 d. C. (0.3 %); 1395–1437 d. C. (86.7 %)
535,25,intcal20,1429,1411,-18,1407–1449 d. C. (95.6 %),1327–1351 d. C. (14.2 %); 1395–1435 d. C. (81.5 %)
540,25,intcal20,1427,1408,-19,1405–1448 d. C. (95.8 %),1326–1353 d. C. (20.2 %); 1394–1432 d. C. (75.3 %)
545,25,intcal20,1425,1405,-20,1403–1446 d. C. (95.5 %),1324–1354 d. C. (26.9 %); 1393–1430 d. C. (68.8 %)
550,25,intcal20,1423,1401,-22,1401–1445 d. C. (95.8 %),1323–1356 d. C. (33.9 %); 1392–1427 d. C. (61.7 %)
555,25,intcal20,1421,1397,-24,1400–1444 d. C. (95.5 %),1322–1357 d. C. (40.5 %); 1391–1425 d. C. (55.0 %)
560,25,intcal20,1419,1388,-31,1398–1444 d. C. (95.8 %),1320–1358 d. C. (46.8 %); 1390–1424 d. C. (48.7 %)
565,25,intcal20,1417,1353,-64,1395–1443 d. C. (95.5 %),1318–1360 d. C. (52.6 %); 1389–1423 d. C. (43.0 %)
570,25,intcal20,1415,1350,-65,1329–1333 d. C. (1.4 %); 1394–1442 d. C. (94.0 %),1311–1313 d. C. (0.8 %); 1316–1360 d. C. (57.1 %); 1388–1421 d. C. (37.7 %)
575,25,intcal20,1412,1348,-64,1327–1336 d. C. (3.7 %); 1393–1441 d. C. (91.8 %),1309–1361 d. C. (62.7 %); 1388–1419 d. C. (32.9 %)
580,25,intcal20,1410,1347,-63,1326–1341 d. C. (7.4 %); 1392–1438 d. C. (88.2 %),1306–1363 d. C. (66.9 %); 1386–1413 d. C. (28.6 %)
585,25,intcal20,1408,1347,-61,1325–1344 d. C. (11.8 %); 1391–1435 d. C. (83.8 %),1306–1364 d. C. (69.2 %); 1384–1410 d. C. (26.2 %)
590,25,intcal20,1405,1346,-59,1324–1345 d. C. (16.6 %); 1390–1433 d. C. (78.8 %),1305–1365 d. C. (71.1 %); 1383–1408 d. C. (24.4 %)
595,25,intcal20,1402,1346,-56,1323–1348 d. C. (23.1 %); 1389–1430 d. C. (72.7 %),1304–1366 d. C. (72.4 %); 1382–1406 d. C. (23.0 %)
600,25,intcal20,1399,1346,-53,1322–1349 d. C. (29.4 %); 1388–1427 d. C. (66.0 %),1303–1367 d. C. (73.2 %); 1381–1405 d. C. (22.4 %)
605,25,intcal20,1396,1346,-50,1321–1352 d. C. (36.6 %); 1388–1424 d. C. (59.0 %),1302–1368 d. C. (73.5 %); 1379–1403 d. C. (22.2 %)
610,25,intcal20,1392,1347,-45,1320–1353 d. C. (43.0 %); 1387–1421 d. C. (52.5 %),1301–1370 d. C. (73.7 %); 1378–1401 d. C. (22.0 %)
615,25,intcal20,1355,1348,-7,1320–1354 d. C. (48.5 %); 1386–1420 d. C. (47.0 %),1300–1371 d. C. (73.4 %); 1377–1399 d. C. (22.1 %)
620,25,intcal20,1348,1349,1,1319–1356 d. C. (53.7 %); 1384–1416 d. C. (41.7 %),1299–1372 d. C. (72.9 %); 1376–1397 d. C. (22.6 %)
625,25,intcal20,1346,1351,5,1317–1357 d. C. (58.0 %); 1383–1414 d. C. (37.4 %),1298–1329 d. C. (36.9 %); 1332–1396 d. C. (58.8 %)
630,25,intcal20,1345,1353,8,1315–1359 d. C. (61.5 %); 1382–1413 d. C. (34.0 %),1295–1328 d. C. (38.1 %); 1334–1396 d. C. (57.6 %)
635,25,intcal20,1344,1355,11,1306–1308 d. C. (0.6 %); 1313–1360 d. C. (64.0 %); 1381–1410 d. C. (30.8 %),1291–1327 d. C. (39.5 %); 1337–1395 d. C. (56.1 %)
640,25,intcal20,1344,1356,12,1304–1361 d. C. (67.8 %); 1381–1406 d. C. (27.8 %),1287–1327 d. C. (41.4 %); 1338 d. C. (0.2 %); 1345–1395 d. C. (53.9 %)
645,25,intcal20,1344,1357,13,1302–1362 d. C. (69.7 %); 1380–1404 d. C. (25.9 %),1284–1326 d. C. (42.9 %); 1350–1394 d. C. (52.6 %)
650,25,intcal20,1344,1358,14,1300–1363 d. C. (71.1 %); 1379–1402 d. C. (24.4 %),1283–1325 d. C. (44.2 %); 1354–1393 d. C. (51.4 %)
655,25,intcal20,1344,1357,13,1299–1365 d. C. (72.3 %); 1378–1401 d. C. (23.4 %),1283–1323 d. C. (45.4 %); 1356–1392 d. C. (50.1 %)
660,25,intcal20,1345,1350,5,1298–1367 d. C. (73.2 %); 1377–1399 d. C. (22.4 %),1282–1321 d. C. (47.1 %); 1357–1391 d. C. (48.3 %)
665,25,intcal20,1345,1319,-26,1297–1369 d. C. (74.0 %); 1376–1397 d. C. (21.5 %),1281–1320 d. C. (49.8 %); 1358–1390 d. C. (45.9 %)
670,25,intcal20,1346,1313,-33,1297–1369 d. C. (73.8 %); 1374–1396 d. C. (21.6 %),1280–1319 d. C. (53.0 %); 1360–1389 d. C. (42.5 %)
675,25,intcal20,1347,1305,-42,1297–1393 d. C. (95.5 %),1279–1317 d. C. (56.3 %); 1360–1388 d. C. (39.3 %)
680,25,intcal20,1347,1300,-47,1294–1328 d. C. (37.4 %); 1332–1393 d. C. (58.2 %),1278–1316 d. C. (60.5 %); 1361–1387 d. C. (35.2 %)
685,25,intcal20,1348,1297,-51,1291–1328 d. C. (39.9 %); 1336–1393 d. C. (55.8 %),1277–1311 d. C. (63.9 %); 1361–1387 d. C. (31.5 %)
690,25,intcal20,1349,1295,-54,1289–1326 d. C. (41.3 %); 1338–1392 d. C. (54.1 %),1275–1308 d. C. (68.6 %); 1362–1386 d. C. (27.0 %)
695,25,intcal20,1349,1292,-57,1288–1325 d. C. (42.6 %); 1340–1392 d. C. (53.0 %),1274–1306 d. C. (73.1 %); 1364–1385 d. C. (22.4 %)
700,25,intcal20,1349,1290,-59,1286–1324 d. C. (44.2 %); 1344–1391 d. C. (51.3 %),1272–1305 d. C. (77.8 %); 1365–1382 d. C. (17.7 %)
705,25,intcal20,1349,1288,-61,1285–1323 d. C. (45.4 %); 1347–1390 d. C. (50.0 %),1270–1303 d. C. (81.8 %); 1367–1381 d. C. (13.6 %)
710,25,intcal20,1346,1286,-60,1284–1322 d. C. (46.6 %); 1349–1389 d. C. (48.9 %),1268–1302 d. C. (85.5 %); 1368–1379 d. C. (9.9 %)
715,25,intcal20,1332,1284,-48,1282–1321 d. C. (48.2 %); 1350–1387 d. C. (47.5 %),1267–1302 d. C. (88.4 %); 1369–1379 d. C. (7.3 %)
720,25,intcal20,1319,1282,-37,1281–1320 d. C. (49.6 %); 1352–1387 d. C. (46.1 %),1265–1301 d. C. (90.4 %); 1369–1378 d. C. (5.1 %)
725,25,intcal20,1316,1280,-36,1280–1320 d. C. (51.6 %); 1354–1386 d. C. (43.9 %),1234–1235 d. C. (0.4 %); 1237 d. C. (0.2 %); 1262–1301 d. C. (91.6 %); 1370–1378 d. C. (3.3 %)
730,25,intcal20,1313,1278,-35,1278–1319 d. C. (53.9 %); 1355–1385 d. C. (41.7 %),1232–1241 d. C. (2.5 %); 1260–1300 d. C. (91.2 %); 1371–1376 d. C. (1.7 %)
735,25,intcal20,1309,1277,-32,1277–1318 d. C. (56.2 %); 1355–1385 d. C. (39.5 %),1230–1245 d. C. (5.4 %); 1255–1298 d. C. (90.0 %); 1375 d. C. (0.2 %)
740,25,intcal20,1303,1275,-28,1275–1318 d. C. (59.4 %); 1356–1384 d. C. (36.2 %),1229–1246 d. C. (8.5 %); 1254–1296 d. C. (86.9 %)
745,25,intcal20,1298,1273,-25,1273–1318 d. C. (62.8 %); 1356–1384 d. C. (32.7 %),1227–1248 d. C. (13.3 %); 1253–1292 d. C. (82.4 %)
750,25,intcal20,1293,1271,-22,1237–1241 d. C. (1.1 %); 1270–1317 d. C. (66.1 %); 1357–1383 d. C. (28.3 %),1226–1249 d. C. (18.4 %); 1252–1287 d. C. (77.1 %)
755,25,intcal20,1290,1268,-22,1233–1244 d. C. (3.6 %); 1269–1316 d. C. (68.6 %); 1358–1382 d. C. (23.4 %),1226–1283 d. C. (95.5 %)
760,25,intcal20,1287,1265,-22,1231–1246 d. C. (6.6 %); 1267–1314 d. C. (70.2 %); 1359–1382 d. C. (18.7 %),1225–1281 d. C. (95.8 %)
765,25,intcal20,1284,1262,-22,1229–1249 d. C. (11.0 %); 1266–1313 d. C. (70.7 %); 1361–1381 d. C. (13.8 %),1225–1280 d. C. (96.0 %)
770,25,intcal20,1281,1258,-23,1227–1253 d. C. (16.8 %); 1261–1303 d. C. (69.0 %); 1362–1380 d. C. (9.7 %),1225–1279 d. C. (95.8 %)
775,25,intcal20,1278,1254,-24,1226–1254 d. C. (22.7 %); 1256 d. C. (0.2 %); 1259–1299 d. C. (66.8 %); 1365–1378 d. C. (5.8 %),1224–1278 d. C. (96.1 %)
780,25,intcal20,1275,1251,-24,1225–1296 d. C. (93.0 %); 1368–1375 d. C. (2.6 %),1223–1276 d. C. (95.5 %)
785,25,intcal20,1272,1249,-23,1224–1295 d. C. (95.2 %); 1371 d. C. (0.2 %),1222–1275 d. C. (95.4 %)
790,25,intcal20,1268,1247,-21,1225–1292 d. C. (95.6 %),1221–1275 d. C. (96.0 %)
795,25,intcal20,1261,1246,-15,1224–1289 d. C. (95.8 %),1220–1274 d. C. (95.4 %)
800,25,intcal20,1255,1244,-11,1224–1287 d. C. (95.7 %),1218–1275 d. C. (95.7 %)
805,25,intcal20,1252,1243,-9,1223–1285 d. C. (95.7 %),1183–1184 d. C. (0.4 %); 1214–1275 d. C. (95.1 %)
810,25,intcal20,1250,1242,-8,1222–1283 d. C. (95.6 %),1181–1188 d. C. (2.1 %); 1211–1274 d. C. (93.4 %)
815,25,intcal20,1249,1239,-10,1221–1282 d. C. (95.7 %),1179–1190 d. C. (4.1 %); 1206–1272 d. C. (91.4 %)
820,25,intcal20,1248,1236,-12,1220–1281 d. C. (95.5 %),1178–1192 d. C. (6.6 %); 1201–1270 d. C. (88.9 %)
825,25,intcal20,1248,1232,-16,1218–1280 d. C. (95.5 %),1176–1195 d. C. (10.6 %); 1200–1269 d. C. (85.0 %)
830,25,intcal20,1247,1226,-21,1216–1280 d. C. (95.4 %),1168 d. C. (0.3 %); 1170 d. C. (0.3 %); 1175–1196 d. C. (14.8 %); 1198–1267 d. C. (80.2 %)
835,25,intcal20,1246,1221,-25,1190 d. C. (0.2 %); 1212–1280 d. C. (95.3 %),1168–1172 d. C. (2.3 %); 1174–1264 d. C. (93.5 %)
840,25,intcal20,1245,1215,-30,1188–1194 d. C. (1.9 %); 1210–1278 d. C. (93.7 %),1167–1262 d. C. (95.5 %)
845,25,intcal20,1244,1209,-35,1186–1197 d. C. (4.1 %); 1209–1277 d. C. (91.5 %),1165–1261 d. C. (95.6 %)
850,25,intcal20,1241,1203,-38,1186–1200 d. C. (6.6 %); 1207–1276 d. C. (88.8 %),1162–1236 d. C. (84.7 %); 1238–1260 d. C. (10.8 %)
855,25,intcal20,1235,1198,-37,1185–1203 d. C. (10.5 %); 1205–1274 d. C. (85.2 %),1159–1233 d. C. (87.5 %); 1235–1260 d. C. (8.0 %)
860,25,intcal20,1228,1194,-34,1183–1273 d. C. (95.5 %),1054–1060 d. C. (1.3 %); 1072 d. C. (0.1 %); 1157–1233 d. C. (89.1 %); 1239–1260 d. C. (4.8 %)
865,25,intcal20,1223,1191,-32,1163–1166 d. C. (1.2 %); 1181–1272 d. C. (94.4 %),1053–1077 d. C. (5.1 %); 1156–1228 d. C. (88.6 %); 1245–1254 d. C. (1.7 %)
870,25,intcal20,1218,1188,-30,1161–1168 d. C. (3.2 %); 1181–1271 d. C. (92.4 %),1051–1079 d. C. (7.5 %); 1155–1227 d. C. (87.3 %); 1248–1252 d. C. (0.6 %)
875,25,intcal20,1213,1185,-28,1160–1171 d. C. (5.7 %); 1178–1236 d. C. (68.4 %); 1241–1270 d. C. (21.4 %),1049–1081 d. C. (10.5 %); 1134–1136 d. C. (0.3 %); 1152–1225 d. C. (84.7 %)
880,25,intcal20,1208,1181,-27,1158–1233 d. C. (80.3 %); 1245–1269 d. C. (15.3 %),1049–1082 d. C. (13.7 %); 1098–1099 d. C. (0.2 %); 1131–1138 d. C. (0.9 %); 1151–1223 d. C. (80.6 %)
885,25,intcal20,1203,1176,-27,1156–1231 d. C. (84.6 %); 1246–1268 d. C. (11.0 %),1048–1082 d. C. (17.5 %); 1097–1101 d. C. (0.7 %); 1127–1139 d. C. (2.0 %); 1149–1221 d. C. (75.3 %)
890,25,intcal20,1199,1171,-28,1155–1231 d. C. (87.9 %); 1247–1267 d. C. (7.6 %),1048–1083 d. C. (21.6 %); 1095–1102 d. C. (1.4 %); 1125–1141 d. C. (3.4 %); 1147–1220 d. C. (69.0 %)
895,25,intcal20,1196,1164,-32,1074–1077 d. C. (0.6 %); 1153–1229 d. C. (89.9 %); 1249–1266 d. C. (5.0 %),1046–1083 d. C. (25.9 %); 1095–1103 d. C. (2.1 %); 1123–1219 d. C. (67.4 %)
900,25,intcal20,1193,1156,-37,1055–1058 d. C. (0.6 %); 1072–1078 d. C. (1.4 %); 1152–1227 d. C. (90.6 %); 1251–1264 d. C. (2.9 %),1045–1085 d. C. (30.1 %); 1093–1104 d. C. (3.4 %); 1120–1218 d. C. (62.0 %)
905,25,intcal20,1189,1137,-52,1053–1060 d. C. (1.5 %); 1070–1080 d. C. (2.5 %); 1151–1226 d. C. (90.3 %); 1255–1262 d. C. (1.3 %),1043–1086 d. C. (33.9 %); 1093–1106 d. C. (4.8 %); 1117–1216 d. C. (56.9 %)
910,25,intcal20,1186,1124,-62,1052–1062 d. C. (2.5 %); 1068–1081 d. C. (3.8 %); 1148–1225 d. C. (89.1 %),1042–1087 d. C. (36.7 %); 1090–1107 d. C. (7.0 %); 1116–1183 d. C. (39.1 %); 1185–1213 d. C. (12.6 %)
915,25,intcal20,1182,1112,-70,1051–1064 d. C. (3.8 %); 1067–1082 d. C. (5.3 %); 1148–1223 d. C. (86.4 %),1040–1111 d. C. (48.8 %); 1113–1179 d. C. (39.1 %); 1189–1209 d. C. (7.5 %)
920,25,intcal20,1177,1104,-73,1050–1083 d. C. (12.5 %); 1146–1222 d. C. (83.0 %),1037–1178 d. C. (91.6 %); 1191–1203 d. C. (3.9 %)
925,25,intcal20,1172,1102,-70,1049–1085 d. C. (16.2 %); 1113 d. C. (0.1 %); 1139–1221 d. C. (79.1 %),1035–1176 d. C. (93.8 %); 1194–1200 d. C. (1.8 %)
930,25,intcal20,1168,1101,-67,1048–1085 d. C. (20.1 %); 1110–1119 d. C. (1.4 %); 1137–1220 d. C. (74.0 %),1034–1168 d. C. (94.1 %); 1171–1174 d. C. (0.8 %); 1196–1198 d. C. (0.6 %)
935,25,intcal20,1162,1101,-61,1047–1086 d. C. (24.4 %); 1108–1122 d. C. (2.7 %); 1132–1218 d. C. (68.4 %),1032–1165 d. C. (95.6 %)
940,25,intcal20,1156,1101,-55,1046–1089 d. C. (28.9 %); 1102 d. C. (0.1 %); 1106–1123 d. C. (4.1 %); 1129–1216 d. C. (62.4 %),1033–1161 d. C. (95.6 %)
945,25,intcal20,1147,1101,-46,1046–1090 d. C. (32.6 %); 1097–1124 d. C. (7.2 %); 1129–1213 d. C. (55.7 %),1033–1159 d. C. (95.8 %)
950,25,intcal20,1130,1102,-28,1046–1091 d. C. (35.8 %); 1093–1188 d. C. (53.6 %); 1193–1211 d. C. (6.0 %),1032–1054 d. C. (16.9 %); 1057–1158 d. C. (78.6 %)
955,25,intcal20,1115,1101,-14,1036–1037 d. C. (0.4 %); 1039–1185 d. C. (92.3 %); 1198–1208 d. C. (2.8 %),1030–1053 d. C. (18.3 %); 1058–1157 d. C. (77.2 %)
960,25,intcal20,1108,1101,-7,1032–1184 d. C. (95.3 %); 1203 d. C. (0.2 %),1028–1053 d. C. (20.3 %); 1060–1157 d. C. (75.4 %)
965,25,intcal20,1102,1100,-2,1033–1181 d. C. (95.6 %),1025–1053 d. C. (22.9 %); 1061–1066 d. C. (1.8 %); 1069–1156 d. C. (70.8 %)
970,25,intcal20,1099,1098,-1,1031–1161 d. C. (90.5 %); 1168–1180 d. C. (5.0 %),1023–1053 d. C. (25.6 %); 1061–1066 d. C. (1.5 %); 1071–1156 d. C. (68.4 %)
975,25,intcal20,1098,1096,-2,1030–1159 d. C. (92.6 %); 1171–1179 d. C. (2.9 %),998–1000 d. C. (0.6 %); 1022–1052 d. C. (28.3 %); 1062–1066 d. C. (1.0 %); 1071–1072 d. C. (0.4 %); 1074–1156 d. C. (65.2 %)
980,25,intcal20,1097,1092,-5,1029–1158 d. C. (94.3 %); 1173–1176 d. C. (1.1 %),996–1003 d. C. (2.1 %); 1020–1052 d. C. (31.8 %); 1062 d. C. (0.2 %); 1065 d. C. (0.2 %); 1076–1156 d. C. (61.2 %)
985,25,intcal20,1097,1088,-9,1028–1157 d. C. (95.7 %),995–1004 d. C. (3.8 %); 1017–1052 d. C. (35.8 %); 1079–1155 d. C. (55.8 %)
990,25,intcal20,1097,1079,-18,1028–1154 d. C. (95.7 %),995–1006 d. C. (6.4 %); 1014–1050 d. C. (39.9 %); 1080–1153 d. C. (49.2 %)
995,25,intcal20,1096,1041,-55,1027–1074 d. C. (32.9 %); 1077–1153 d. C. (62.7 %),995–1007 d. C. (9.9 %); 1010–1049 d. C. (44.8 %); 1082–1134 d. C. (33.4 %); 1137–1152 d. C. (7.4 %)
1000,25,intcal20,1096,1033,-63,1026–1073 d. C. (32.9 %); 1078–1152 d. C. (62.5 %),994–1048 d. C. (63.8 %); 1082–1130 d. C. (26.4 %); 1138–1151 d. C. (5.4 %)
1005,25,intcal20,1096,1028,-68,1025–1072 d. C. (33.1 %); 1079–1152 d. C. (62.3 %),993–1048 d. C. (72.4 %); 1083–1097 d. C. (6.3 %); 1100–1128 d. C. (13.1 %); 1139–1150 d. C. (3.6 %)
1010,25,intcal20,1095,1024,-71,1023–1055 d. C. (27.1 %); 1057–1072 d. C. (6.8 %); 1079–1151 d. C. (61.6 %),993–1047 d. C. (79.8 %); 1083–1096 d. C. (4.4 %); 1101–1126 d. C. (9.1 %); 1140–1149 d. C. (2.2 %)
1015,25,intcal20,1094,1020,-74,1022–1055 d. C. (29.1 %); 1058–1072 d. C. (5.7 %); 1079–1151 d. C. (60.6 %),992–1047 d. C. (85.8 %); 1084–1094 d. C. (2.6 %); 1103–1124 d. C. (5.8 %); 1141–1148 d. C. (1.3 %)
1020,25,intcal20,1092,1016,-76,995–1000 d. C. (1.6 %); 1020–1053 d. C. (31.0 %); 1059–1070 d. C. (4.2 %); 1080–1151 d. C. (58.7 %),991–1046 d. C. (89.8 %); 1085–1093 d. C. (1.5 %); 1104–1123 d. C. (3.7 %); 1142–1145 d. C. (0.4 %)
1025,25,intcal20,1090,1013,-77,995–1002 d. C. (3.0 %); 1019–1052 d. C. (33.1 %); 1060–1070 d. C. (3.4 %); 1080–1150 d. C. (56.1 %),979–985 d. C. (0.9 %); 988–1044 d. C. (92.2 %); 1087–1092 d. C. (0.7 %); 1106–1117 d. C. (1.7 %)
1030,25,intcal20,1087,1011,-76,994–1004 d. C. (5.5 %); 1018–1052 d. C. (35.4 %); 1061–1069 d. C. (2.5 %); 1081–1149 d. C. (52.3 %),905–909 d. C. (0.5 %); 977–1039 d. C. (94.3 %); 1108–1113 d. C. (0.6 %)
1035,25,intcal20,1066,1009,-57,994–1006 d. C. (8.7 %); 1016–1051 d. C. (37.6 %); 1062–1068 d. C. (1.7 %); 1082–1148 d. C. (47.5 %),904–912 d. C. (1.4 %); 977–1036 d. C. (94.1 %)
1040,25,intcal20,1043,1008,-35,993–1010 d. C. (13.8 %); 1014–1050 d. C. (39.6 %); 1065 d. C. (0.2 %); 1082–1147 d. C. (41.9 %),902–913 d. C. (2.6 %); 976–1034 d. C. (93.0 %)
1045,25,intcal20,1035,1006,-29,993–1049 d. C. (61.1 %); 1084–1143 d. C. (34.4 %),900–916 d. C. (4.6 %); 962 d. C. (0.1 %); 975–1033 d. C. (90.8 %)
1050,25,intcal20,1027,1004,-23,993–1048 d. C. (68.3 %); 1085–1141 d. C. (27.2 %),900–918 d. C. (6.8 %); 959–966 d. C. (1.6 %); 975–1031 d. C. (87.1 %)
1055,25,intcal20,1023,1002,-21,992–1047 d. C. (75.5 %); 1085–1115 d. C. (12.0 %); 1117–1137 d. C. (7.9 %),898–919 d. C. (9.8 %); 957–968 d. C. (3.1 %); 973–1029 d. C. (82.6 %)
1060,25,intcal20,1019,996,-23,991–1047 d. C. (81.8 %); 1086–1112 d. C. (8.2 %); 1117–1135 d. C. (5.5 %),897–921 d. C. (13.4 %); 954–969 d. C. (5.2 %); 972–1027 d. C. (76.8 %)
1065,25,intcal20,1014,991,-23,990–1046 d. C. (86.4 %); 1086–1110 d. C. (5.5 %); 1119–1134 d. C. (3.5 %),896–923 d. C. (17.5 %); 952–1025 d. C. (78.0 %)
1070,25,intcal20,1010,984,-26,989–1046 d. C. (89.6 %); 1086–1108 d. C. (3.5 %); 1110 d. C. (0.1 %); 1119–1133 d. C. (2.3 %),895–925 d. C. (21.8 %); 949–1024 d. C. (73.9 %)
1075,25,intcal20,1008,978,-30,908–914 d. C. (0.8 %); 973–980 d. C. (1.1 %); 988–1044 d. C. (90.8 %); 1089–1104 d. C. (1.8 %); 1122–1130 d. C. (1.0 %),894–926 d. C. (25.7 %); 946–1022 d. C. (69.8 %)
1080,25,intcal20,1007,970,-37,903–919 d. C. (2.4 %); 971–1035 d. C. (92.3 %); 1038–1043 d. C. (0.6 %),894–929 d. C. (29.4 %); 944–1021 d. C. (66.1 %)
1085,25,intcal20,1006,963,-43,903–920 d. C. (3.8 %); 970–1030 d. C. (91.7 %),893–931 d. C. (32.8 %); 933 d. C. (0.3 %); 939 d. C. (0.3 %); 941–996 d. C. (52.4 %); 1003–1020 d. C. (9.9 %)
1090,25,intcal20,1005,958,-47,903–920 d. C. (5.7 %); 970–1028 d. C. (89.8 %),893–936 d. C. (36.5 %); 939–995 d. C. (53.6 %); 1005–1017 d. C. (5.6 %)
1095,25,intcal20,1004,954,-50,902–922 d. C. (8.8 %); 969–1026 d. C. (86.8 %),891–994 d. C. (93.3 %); 1007–1013 d. C. (2.3 %)
1100,25,intcal20,1001,950,-51,901–924 d. C. (12.7 %); 968–1025 d. C. (82.8 %),890–994 d. C. (95.0 %); 1009–1010 d. C. (0.5 %)
1105,25,intcal20,995,946,-49,899–926 d. C. (17.6 %); 966–1024 d. C. (78.0 %),890–993 d. C. (95.4 %)
1110,25,intcal20,990,943,-47,898–928 d. C. (22.7 %); 964–1023 d. C. (72.7 %),889–992 d. C. (95.5 %)
1115,25,intcal20,982,940,-42,897–931 d. C. (28.2 %); 962–1022 d. C. (67.4 %),887–992 d. C. (95.7 %)
1120,25,intcal20,976,937,-39,896–932 d. C. (32.9 %); 959–996 d. C. (38.6 %); 998–1022 d. C. (23.9 %),778 d. C. (0.3 %); 885–992 d. C. (95.2 %)
1125,25,intcal20,971,935,-36,895–936 d. C. (37.8 %); 956–994 d. C. (40.2 %); 1000–1021 d. C. (17.5 %),777–780 d. C. (1.2 %); 882–992 d. C. (94.2 %)
1130,25,intcal20,965,932,-33,894–938 d. C. (41.6 %); 954–994 d. C. (41.5 %); 1002–1020 d. C. (12.4 %),776–782 d. C. (2.3 %); 836–840 d. C. (0.7 %); 879–992 d. C. (92.5 %)
1135,25,intcal20,958,930,-28,894–940 d. C. (44.6 %); 942 d. C. (0.3 %); 951–993 d. C. (42.5 %); 1004–1018 d. C. (8.2 %),776–784 d. C. (3.4 %); 833–846 d. C. (2.6 %); 877–991 d. C. (89.5 %)
1140,25,intcal20,948,927,-21,893–943 d. C. (47.7 %); 948–992 d. C. (43.2 %); 1007–1016 d. C. (4.7 %),776–785 d. C. (4.6 %); 830–852 d. C. (5.3 %); 875–990 d. C. (85.5 %)
1145,25,intcal20,942,922,-20,893–992 d. C. (94.0 %); 1010–1013 d. C. (1.6 %),776–786 d. C. (6.2 %); 828–858 d. C. (8.9 %); 871–979 d. C. (78.8 %); 982–989 d. C. (1.7 %)
1150,25,intcal20,939,911,-28,891–992 d. C. (95.6 %),776–787 d. C. (7.9 %); 827–977 d. C. (87.6 %)
1155,25,intcal20,938,892,-46,892–991 d. C. (95.5 %),775–788 d. C. (9.9 %); 825–908 d. C. (44.2 %); 910–976 d. C. (41.4 %)
1160,25,intcal20,937,884,-53,891–990 d. C. (95.5 %),775–789 d. C. (11.7 %); 806–809 d. C. (0.6 %); 821–904 d. C. (49.3 %); 912–976 d. C. (33.8 %)
1165,25,intcal20,937,873,-64,890–990 d. C. (95.5 %),775–790 d. C. (13.2 %); 800–811 d. C. (2.2 %); 819–900 d. C. (54.0 %); 916–974 d. C. (26.1 %)
1170,25,intcal20,937,860,-77,887–990 d. C. (95.6 %),775–791 d. C. (14.4 %); 798–898 d. C. (62.8 %); 919–958 d. C. (17.0 %); 967–973 d. C. (1.3 %)
1175,25,intcal20,936,853,-83,777–779 d. C. (1.0 %); 885–990 d. C. (94.7 %),775–897 d. C. (83.6 %); 922–954 d. C. (11.9 %)
1180,25,intcal20,936,848,-88,776–781 d. C. (2.1 %); 881–990 d. C. (93.4 %),775–895 d. C. (87.7 %); 924–949 d. C. (7.7 %)
1185,25,intcal20,934,844,-90,775–782 d. C. (3.3 %); 800–808 d. C. (1.3 %); 878–990 d. C. (90.9 %),775–893 d. C. (90.6 %); 927–947 d. C. (4.9 %)
1190,25,intcal20,932,841,-91,775–785 d. C. (4.9 %); 797–812 d. C. (3.0 %); 873–989 d. C. (87.5 %),774–893 d. C. (92.8 %); 929–943 d. C. (2.6 %)
1195,25,intcal20,928,837,-91,775–786 d. C. (6.6 %); 795–813 d. C. (4.6 %); 858–866 d. C. (1.3 %); 869–988 d. C. (82.9 %),709–711 d. C. (0.3 %); 774–892 d. C. (93.7 %); 931–941 d. C. (1.4 %)
1200,25,intcal20,913,833,-80,775–789 d. C. (8.8 %); 792–815 d. C. (7.2 %); 849–908 d. C. (30.3 %); 914–974 d. C. (46.8 %); 978–987 d. C. (2.3 %),708–721 d. C. (2.0 %); 774–890 d. C. (93.5 %)
