curva,anio,sigma,n,cobertura_95,ancho_95_mediana,tramos_mediana,error_mediana,sesgo_mediana
shcal20,1000,25,200,0.96,97.5,3.0,11.0,9.0
shcal20,1010,25,200,0.945,95.5,2.0,13.0,-7.0
shcal20,1020,25,200,0.965,97.0,3.0,14.0,-11.0
shcal20,1030,25,200,0.945,123.5,3.0,62.0,62.0
shcal20,1040,25,200,0.955,124.0,2.0,55.0,55.0
shcal20,1050,25,200,0.955,130.0,2.0,47.0,47.0
shcal20,1060,25,200,0.945,136.0,2.0,39.0,39.0
shcal20,1070,25,200,0.965,138.0,2.0,29.0,29.0
shcal20,1080,25,200,0.955,138.0,2.0,21.0,20.5
shcal20,1090,25,200,0.98,124.0,2.0,7.0,5.0
shcal20,1100,25,200,0.995,124.0,2.0,4.0,-4.0
shcal20,1110,25,200,0.99,125.0,2.0,14.0,-14.0
shcal20,1120,25,200,0.98,124.0,2.0,24.0,-24.0
shcal20,1130,25,200,0.995,124.0,2.0,34.0,-34.0
shcal20,1140,25,200,0.99,128.0,2.0,43.0,-43.0
shcal20,1150,25,200,0.95,133.0,2.0,52.0,-52.0
shcal20,1160,25,200,0.9,124.5,3.0,29.0,10.0
shcal20,1170,25,200,0.925,128.0,3.0,18.0,-2.0
shcal20,1180,25,200,0.935,117.0,3.0,15.0,-6.0
shcal20,1190,25,200,0.95,102.0,3.0,17.0,2.0
shcal20,1200,25,200,0.935,101.0,3.0,14.0,-7.0
shcal20,1210,25,200,0.945,101.0,3.0,21.0,-15.0
shcal20,1220,25,200,0.915,98.0,2.0,22.0,-2.0
shcal20,1230,25,200,0.98,72.0,2.0,18.0,17.0
shcal20,1240,25,200,0.97,66.5,1.0,9.0,8.0
shcal20,1250,25,200,0.99,75.0,2.0,6.0,-4.0
shcal20,1260,25,200,0.985,79.0,2.0,16.0,-15.0
shcal20,1270,25,200,0.98,67.0,1.0,21.0,-21.0
shcal20,1280,25,200,0.93,75.5,2.0,15.0,-2.0
shcal20,1290,25,200,0.925,77.0,2.0,18.0,16.0
shcal20,1300,25,200,0.96,85.5,2.0,46.0,46.0
shcal20,1310,25,200,0.975,87.0,2.0,37.0,37.0
shcal20,1320,25,200,0.97,92.0,2.0,26.0,26.0
shcal20,1330,25,200,0.925,81.5,2.0,16.0,16.0
shcal20,1340,25,200,0.945,83.5,2.0,5.0,5.0
shcal20,1350,25,200,0.99,90.0,2.0,4.0,-4.0
shcal20,1360,25,200,0.965,87.0,2.0,14.0,-14.0
shcal20,1370,25,200,0.955,80.0,2.0,51.0,-51.0
shcal20,1380,25,200,0.96,84.0,2.0,35.0,-35.0
shcal20,1390,25,200,0.94,86.0,2.0,45.0,-45.0
shcal20,1400,25,200,0.935,69.0,2.0,16.0,-6.0
shcal20,1410,25,200,0.95,60.0,2.0,9.0,2.0
shcal20,1420,25,200,0.95,45.0,1.0,7.5,2.0
shcal20,1430,25,200,0.965,44.0,1.0,7.0,-1.0
shcal20,1440,25,200,0.96,44.0,1.0,7.0,-2.0
shcal20,1450,25,200,0.93,67.5,2.0,7.5,-1.5
shcal20,1460,25,200,0.915,108.5,2.0,28.5,28.5
shcal20,1470,25,200,0.915,123.0,2.0,25.5,25.0
shcal20,1480,25,200,0.925,123.0,2.0,18.0,15.0
shcal20,1490,25,200,0.965,137.0,3.0,28.0,15.0
shcal20,1500,25,200,0.95,139.5,2.0,33.0,13.0
shcal20,1510,25,200,0.95,143.0,2.0,50.0,50.0
shcal20,1520,25,200,0.925,133.5,2.0,41.0,41.0
shcal20,1530,25,200,0.945,136.0,2.0,30.0,30.0
shcal20,1540,25,200,0.955,138.0,2.0,21.0,20.0
shcal20,1550,25,200,0.975,148.0,2.0,10.0,10.0
shcal20,1560,25,200,0.98,150.0,2.0,1.0,0.0
shcal20,1570,25,200,0.965,149.5,2.0,10.0,-10.0
shcal20,1580,25,200,0.97,151.0,2.0,20.0,-20.0
shcal20,1590,25,200,0.975,147.5,2.0,30.0,-30.0
shcal20,1600,25,200,0.97,143.5,3.0,80.0,-80.0
mixta:0.5:0.1,1000,25,200,0.955,88.5,2.0,11.0,10.0
mixta:0.5:0.1,1010,25,200,0.945,88.5,2.0,10.0,-6.0
mixta:0.5:0.1,1020,25,200,0.97,82.5,2.0,13.0,-11.0
mixta:0.5:0.1,1030,25,200,0.9,120.0,3.0,57.5,57.5
mixta:0.5:0.1,1040,25,200,0.955,121.0,3.0,58.0,58.0
mixta:0.5:0.1,1050,25,200,0.955,127.5,2.0,49.0,49.0
mixta:0.5:0.1,1060,25,200,0.95,135.0,2.0,40.0,40.0
mixta:0.5:0.1,1070,25,200,0.97,136.0,2.0,30.0,30.0
mixta:0.5:0.1,1080,25,200,0.96,132.0,2.0,20.0,19.0
mixta:0.5:0.1,1090,25,200,0.965,121.0,3.0,9.0,8.0
mixta:0.5:0.1,1100,25,200,0.995,124.0,2.0,1.0,-1.0
mixta:0.5:0.1,1110,25,200,0.995,123.0,3.0,11.0,-11.0
mixta:0.5:0.1,1120,25,200,0.98,123.0,3.0,21.0,-21.0
mixta:0.5:0.1,1130,25,200,0.995,124.0,2.0,31.0,-31.0
mixta:0.5:0.1,1140,25,200,1.0,125.0,2.0,41.0,-41.0
mixta:0.5:0.1,1150,25,200,0.945,127.0,2.0,51.0,-51.0
mixta:0.5:0.1,1160,25,200,0.905,128.5,2.0,28.0,2.0
mixta:0.5:0.1,1170,25,200,0.93,120.0,3.0,19.0,3.0
mixta:0.5:0.1,1180,25,200,0.94,97.0,3.0,14.0,4.0
mixta:0.5:0.1,1190,25,200,0.945,96.0,2.0,16.0,0.0
mixta:0.5:0.1,1200,25,200,0.935,96.0,2.5,13.0,-10.0
mixta:0.5:0.1,1210,25,200,0.945,96.0,2.0,21.0,-18.0
mixta:0.5:0.1,1220,25,200,0.9,94.0,2.0,21.0,-2.0
mixta:0.5:0.1,1230,25,200,0.995,63.0,1.0,16.0,16.0
mixta:0.5:0.1,1240,25,200,0.975,59.0,1.0,8.0,7.0
mixta:0.5:0.1,1250,25,200,0.995,64.0,1.0,8.0,-5.5
mixta:0.5:0.1,1260,25,200,0.985,63.0,1.0,15.0,-15.0
mixta:0.5:0.1,1270,25,200,0.98,59.0,1.0,17.5,-17.0
mixta:0.5:0.1,1280,25,200,0.895,64.0,2.0,10.0,1.5
mixta:0.5:0.1,1290,25,200,0.94,67.0,2.0,11.0,9.0
mixta:0.5:0.1,1300,25,200,0.955,79.0,2.0,48.0,48.0
mixta:0.5:0.1,1310,25,200,0.975,88.0,2.0,38.0,38.0
mixta:0.5:0.1,1320,25,200,0.96,90.5,2.0,28.0,28.0
mixta:0.5:0.1,1330,25,200,0.94,81.0,2.0,17.0,17.0
mixta:0.5:0.1,1340,25,200,0.945,82.0,2.0,6.0,6.0
mixta:0.5:0.1,1350,25,200,0.99,87.5,2.0,4.0,-4.0
mixta:0.5:0.1,1360,25,200,0.965,89.0,2.0,11.0,-11.0
mixta:0.5:0.1,1370,25,200,0.96,74.0,2.0,48.0,-48.0
mixta:0.5:0.1,1380,25,200,0.965,82.0,2.0,32.5,-32.5
mixta:0.5:0.1,1390,25,200,0.93,87.0,2.0,43.0,-43.0
mixta:0.5:0.1,1400,25,200,0.94,71.0,2.0,42.5,-42.5
mixta:0.5:0.1,1410,25,200,0.945,60.0,2.0,8.5,2.0
mixta:0.5:0.1,1420,25,200,0.95,43.0,1.0,6.0,0.0
mixta:0.5:0.1,1430,25,200,0.985,40.0,1.0,7.0,-1.0
mixta:0.5:0.1,1440,25,200,0.965,40.0,1.0,6.0,0.0
mixta:0.5:0.1,1450,25,200,0.95,61.0,2.0,8.0,0.0
mixta:0.5:0.1,1460,25,200,0.93,105.0,2.0,24.5,24.5
mixta:0.5:0.1,1470,25,200,0.915,112.0,2.0,20.0,18.5
mixta:0.5:0.1,1480,25,200,0.925,134.0,2.0,21.5,20.0
mixta:0.5:0.1,1490,25,200,0.955,142.0,2.0,28.5,23.0
mixta:0.5:0.1,1500,25,200,0.94,145.5,2.0,42.0,28.0
mixta:0.5:0.1,1510,25,200,0.96,147.0,2.0,51.0,51.0
mixta:0.5:0.1,1520,25,200,0.985,141.0,2.0,41.0,41.0
mixta:0.5:0.1,1530,25,200,0.92,131.0,2.0,31.0,31.0
mixta:0.5:0.1,1540,25,200,0.915,133.0,2.0,21.0,21.0
mixta:0.5:0.1,1550,25,200,0.965,141.0,2.0,11.0,11.0
mixta:0.5:0.1,1560,25,200,0.985,147.5,2.0,1.0,1.0
mixta:0.5:0.1,1570,25,200,0.97,147.5,2.0,9.0,-9.0
mixta:0.5:0.1,1580,25,200,0.97,150.5,2.0,19.0,-19.0
mixta:0.5:0.1,1590,25,200,0.985,147.0,2.0,30.0,-30.0
mixta:0.5:0.1,1600,25,200,0.97,145.0,2.0,64.0,-64.0
intcal20,1000,25,200,0.955,95.0,3.0,14.0,11.0
intcal20,1010,25,200,0.945,94.5,3.0,10.0,-5.0
intcal20,1020,25,200,0.96,89.0,3.0,13.0,-11.0
intcal20,1030,25,200,0.905,122.5,3.0,22.0,14.0
intcal20,1040,25,200,0.945,124.0,3.0,61.0,61.0
intcal20,1050,25,200,0.96,130.0,2.0,51.0,51.0
intcal20,1060,25,200,0.915,139.5,2.0,43.0,43.0
intcal20,1070,25,200,0.95,142.0,2.0,32.0,32.0
intcal20,1080,25,200,0.97,130.5,2.0,21.0,21.0
intcal20,1090,25,200,0.965,124.0,3.0,11.0,11.0
intcal20,1100,25,200,0.99,127.0,2.0,1.0,1.0
intcal20,1110,25,200,0.98,124.0,3.0,9.0,-9.0
intcal20,1120,25,200,0.98,125.0,2.0,19.0,-19.0
intcal20,1130,25,200,0.99,128.0,2.0,29.0,-29.0
intcal20,1140,25,200,1.0,127.0,2.0,39.0,-39.0
intcal20,1150,25,200,0.96,126.0,2.0,49.0,-49.0
intcal20,1160,25,200,0.865,134.5,3.0,33.0,-23.0
intcal20,1170,25,200,0.93,124.0,3.0,20.0,7.0
intcal20,1180,25,200,0.94,108.0,3.0,16.0,10.0
intcal20,1190,25,200,0.94,109.0,3.0,20.0,-4.0
intcal20,1200,25,200,0.925,109.0,3.0,17.5,-14.0
intcal20,1210,25,200,0.92,108.0,3.0,23.0,-20.0
intcal20,1220,25,200,0.88,96.0,2.0,21.0,-3.5
intcal20,1230,25,200,0.99,62.0,1.0,15.0,14.0
intcal20,1240,25,200,0.99,61.0,1.0,8.0,4.0
intcal20,1250,25,200,0.985,71.5,2.0,10.0,-8.0
intcal20,1260,25,200,0.99,58.5,1.0,16.0,-15.0
intcal20,1270,25,200,0.98,56.0,1.0,11.0,-7.5
intcal20,1280,25,200,0.905,56.0,2.0,8.0,3.0
intcal20,1290,25,200,0.94,62.0,2.0,9.5,7.0
intcal20,1300,25,200,0.955,77.0,2.0,50.0,50.0
intcal20,1310,25,200,0.97,92.0,2.0,39.0,39.0
intcal20,1320,25,200,0.965,92.0,2.0,28.5,28.5
intcal20,1330,25,200,0.94,86.0,2.0,19.0,19.0
intcal20,1340,25,200,0.96,86.0,2.0,8.0,8.0
intcal20,1350,25,200,0.99,87.0,2.0,3.0,-2.0
intcal20,1360,25,200,0.955,92.0,2.0,11.0,-10.5
intcal20,1370,25,200,0.96,76.0,2.0,23.5,-23.5
intcal20,1380,25,200,0.95,83.0,2.0,31.5,-31.5
intcal20,1390,25,200,0.94,91.0,2.0,42.0,-42.0
intcal20,1400,25,200,0.95,81.0,2.0,49.5,-49.5
intcal20,1410,25,200,0.94,66.0,2.0,10.0,1.0
intcal20,1420,25,200,0.94,53.0,2.0,7.0,-3.0
intcal20,1430,25,200,0.985,41.0,1.0,6.0,0.0
intcal20,1440,25,200,0.965,45.0,1.0,7.0,1.0
intcal20,1450,25,200,0.955,69.0,2.0,10.0,3.0
intcal20,1460,25,200,0.945,120.5,2.0,23.5,23.5
intcal20,1470,25,200,0.92,120.0,2.0,17.5,13.0
intcal20,1480,25,200,0.915,143.5,2.0,35.0,35.0
intcal20,1490,25,200,0.955,145.0,2.0,33.0,31.0
intcal20,1500,25,200,0.96,148.0,2.0,52.0,49.0
intcal20,1510,25,200,0.96,151.0,2.0,51.0,51.0
intcal20,1520,25,200,0.985,150.0,2.0,42.0,42.0
intcal20,1530,25,200,0.93,140.0,2.0,32.5,32.5
intcal20,1540,25,200,0.915,142.0,2.0,22.0,22.0
intcal20,1550,25,200,0.945,142.0,2.0,13.0,12.0
intcal20,1560,25,200,0.985,150.0,2.0,3.0,2.0
intcal20,1570,25,200,0.955,151.0,2.0,8.0,-8.0
intcal20,1580,25,200,0.97,151.5,2.0,18.0,-18.0
intcal20,1590,25,200,0.985,148.0,2.0,29.0,-29.0
intcal20,1600,25,200,0.975,147.5,2.0,48.0,-48.0
