id,motivo
F047,Fuente Earle (2025): excluida por decisión del investigador (2026-09-28)
F048,Fuente Earle (2025): excluida por decisión del investigador (2026-09-28)
F049,Fuente Earle (2025): excluida por decisión del investigador (2026-09-28)
F050,Fuente Earle (2025): excluida por decisión del investigador (2026-09-28)
F051,Fuente Earle (2025): excluida por decisión del investigador (2026-09-28)
F052,Fuente Earle (2025): excluida por decisión del investigador (2026-09-28)
F053,Fuente Earle (2025): excluida por decisión del investigador (2026-09-28)
F054,Fuente Earle (2025): excluida por decisión del investigador (2026-09-28)
F055,Fuente Earle (2025): excluida por decisión del investigador (2026-09-28)
F056,Fuente Earle (2025): excluida por decisión del investigador (2026-09-28)
F057,Fuente Earle (2025): excluida por decisión del investigador (2026-09-28)
F058,Fuente Earle (2025): excluida por decisión del investigador (2026-09-28)
F059,Fuente Earle (2025): excluida por decisión del investigador (2026-09-28)
F060,Fuente Earle (2025): excluida por decisión del investigador (2026-09-28)
F061,Fuente Earle (2025): excluida por decisión del investigador (2026-09-28)
F062,Fuente Earle (2025): excluida por decisión del investigador (2026-09-28)
F063,Acopia: fecha rechazada como valor atípico por Shadik et al. (2024) tabla 1
F064,Acopia: fecha rechazada como valor atípico por Shadik et al. (2024) tabla 1
F065,Acopia: fecha rechazada como valor atípico por Shadik et al. (2024) tabla 1
F066,Acopia: fecha rechazada como valor atípico por Shadik et al. (2024) tabla 1
F067,Acopia: fecha rechazada como valor atípico por Shadik et al. (2024) tabla 1
F035,AA 39783: edad incompatible con F086; exclusión provisional hasta cotejar Bauer original
F086,AA 39783: edad incompatible con F035; exclusión provisional hasta cotejar Bauer original
