"id","codigo_lab","edad_ap","sigma","material","sitio","contexto","periodo_asignado","ambito","solo_calibrada","rango_calibrado_textual","curva_o_programa_fuente","fuente_archivo","linea","cita_textual","fuente_primaria","notas"
"F001","","","","","Marcavalle","","estilo Marcavalle","ciudad_cusco","si","between 1400 and 650 Bc","","02-libros/burger-mcewan_2006_inca-state-origins-collapse-regeneration/burger-mcewan_2006_inca-state-origins-collapse-regeneration.md","53","Excavations by Karen Mohr Chavez recovered radiocarbon samples placing the Marcavalle style in time between 1400 and 650 Bc (Chavez 198o:204; Valencia and Gibaja 1991:21).","Chavez 1980; Valencia y Gibaja 1991 (citado por Burger y McEwan 2006)","Sin edad AP ni sigma ni codigo de laboratorio, solo el rango calendarico citado. Version duplicada identica en burger-mcewan_2006..._parte_001.md linea 156 (misma fuente, no se repite fila)."
"F002","","2540","+/-50","residuos organicos (sedimento de carbon adherido a fragmento alfarero)","Chumo-Sicuani","cuadro N1E13, capa VI","fase Sicuani A (inicio)","region_cusco","no","590+/-50 a. de C.","","03-tesis/calero-fernandez_2015_ceramica-formativa-sicuani-tomoii/calero-fernandez_2015_ceramica-formativa-sicuani-tomoii_parte_001.md","124-126","El primero con el resultado de 2540+/-50 A. P. (Antes del Presente, 1950)=590+/-50 a. de C., correspondiente a Sicuani A y el segundo con 2200+/-40 A. P. (Antes del Presente, 1950)= 250+/-40 a. de C., correspondiente a Sicuani C.","propia","Fechado AMS propio de los tesistas, laboratorio Beta Analytic (2002), Dr. Robert Thompson, apoyo Proyecto Yaya-Mama (Dr. Sergio Chavez). Codigo de muestra especifico no indicado en el texto, solo el nombre del laboratorio (nota 42, tomoi_parte_019)."
"F003","","2200","+/-40","residuos organicos","Chumo-Sicuani","cuadro N1E2, capa IIa","fase Sicuani C (final)","region_cusco","no","250 +/- 40 anos a. de C.","","03-tesis/calero-fernandez_2015_ceramica-formativa-sicuani-tomoii/calero-fernandez_2015_ceramica-formativa-sicuani-tomoii_parte_001.md","125-126, 134-138","El fechado mas tardio correspondiente a la fase Sicuani C es de 250 +/- 40 anos a. de C. Asumiendo la variacion de 40 anos mas o menos, se obtiene una fecha de 290 anos a. de C., como aproximacion mayor y la de 210 anos a. de C., como la menor.","propia","Laboratorio Beta Analytic (2002), Dr. Robert Thompson, Proyecto Yaya-Mama (nota 40, tomoi_parte_019)."
"F004","Beta-477533","2230","+/-30","hueso","Bandojan","Contexto funerario N. 2","Formativo Tardio (500 a.C.-200 d.C.)","region_cusco","no","360-195 a.C 95.4%","","03-tesis/TESIS_2018_analisis-bioarqueologico-bandojan-yuthu/TESIS_2018_analisis-bioarqueologico-bandojan-yuthu_parte_006.md","205-223","Beta-477533 Bandojan Contexto funerario N 2 Hueso 2230 +/- 30 360-195 a.C 95.4%","Delgado 2018","Tabla 3.1 de fechados de Bandojan; formato de columnas reconstruido por OCR. Documento tiene duplicado identico en TESIS_2018_...-dup (mismo dato, no se repite)."
"F005","Beta-477534","2230","+/-30","hueso","Bandojan","Contexto funerario N. 5","Formativo Tardio (500 a.C.-200 d.C.)","region_cusco","no","360-195 a.C 95.4%","","03-tesis/TESIS_2018_analisis-bioarqueologico-bandojan-yuthu/TESIS_2018_analisis-bioarqueologico-bandojan-yuthu_parte_006.md","224-231","Beta-477534 Bandojan Contexto funerario N 5 Hueso 2230 +/- 30 360-195 a.C 95.4%","Delgado 2018","Tabla 3.1 de fechados de Bandojan."
"F006","Beta-477535","2220","+/-30","hueso","Bandojan","Contexto funerario N. 7","Formativo Tardio (500 a.C.-200 d.C.)","region_cusco","no","360-145 a.C 95.4%","","03-tesis/TESIS_2018_analisis-bioarqueologico-bandojan-yuthu/TESIS_2018_analisis-bioarqueologico-bandojan-yuthu_parte_006.md","232-239","Beta-477535 Bandojan Contexto funerario N 7 Hueso 2220 +/- 30 360-145 a.C 95.4%","Delgado 2018","Posible relacion tematica (no fusionada) con la cita narrativa sin codigo de laboratorio en TESIS_UNSAAC_2025_10945 (Bandojan, Delgado 2019, 360 a.C.-145 d.C.); se registran ambas por separado por no compartir codigo de laboratorio ni edad AP explicita."
"F007","AA84430/Yuthu RC-61","2213","61","","Yuthu","","Chanapata derivado (Formativo Tardio)","region_cusco","no","361-62 AC 95,40%","","03-tesis/TESIS_UNSAAC_2026_13210_estudio_de_la_cadena_operativa_de_las_manos_de_moler_del_f/parte_010_pp_045_050.md","65-68","Chanapata derivado 2213(+-)61 361-62 AC 95,40% Yuthu AA84430/Yuthu RC-61","Davis y Delgado (2009)","Mismo dato citado tambien en 03-tesis/TESIS_2018_analisis-bioarqueologico-bandojan-yuthu/TESIS_2018_analisis-bioarqueologico-bandojan-yuthu_parte_007.md linea 9-15 (tabla 3.2 de Yuthu, Davis y Delgado 2009); se deja una sola fila, fuente preferida: TESIS_UNSAAC_2026_13210 (tabla mas completa, 8 filas con codigo)."
"F008","AA84431/Yuthu RC-104","2257","36","","Yuthu","","Chanapata derivado (Formativo Tardio)","region_cusco","no","384-205 AC 95,40%","","03-tesis/TESIS_UNSAAC_2026_13210_estudio_de_la_cadena_operativa_de_las_manos_de_moler_del_f/parte_010_pp_045_050.md","71-74","AA84431/Yuthu RC-104 384-205 AC 95,40% 2257(+-)36","Davis y Delgado (2009)","No localizado en la tabla de TESIS_2018_analisis-bioarqueologico-bandojan-yuthu (posible perdida por salto de pagina del OCR en esa fuente); presente completo en TESIS_UNSAAC_2026_13210."
"F009","AA84432/Yuthu RC-109","2226","76","","Yuthu","","Chanapata derivado (Formativo Tardio)","region_cusco","no","376-144 AC 95,40%","","03-tesis/TESIS_UNSAAC_2026_13210_estudio_de_la_cadena_operativa_de_las_manos_de_moler_del_f/parte_010_pp_045_050.md","77-80","AA84432/Yuthu RC-109 376-144 AC 95,40% 2226(+-)76","Davis y Delgado (2009)","No localizado en la tabla de TESIS_2018_analisis-bioarqueologico-bandojan-yuthu (posible perdida por salto de pagina del OCR en esa fuente); presente completo en TESIS_UNSAAC_2026_13210."
"F010","AA84433/Yuthu RC-110","2369","36","","Yuthu","","Chanapata derivado (Formativo Tardio)","region_cusco","no","417-209 AC 95,40%","","03-tesis/TESIS_UNSAAC_2026_13210_estudio_de_la_cadena_operativa_de_las_manos_de_moler_del_f/parte_010_pp_045_050.md","83-86","AA84433/Yuthu RC-110 417-209 AC 95,40% 2369(+-)36","Davis y Delgado (2009)","En TESIS_2018_analisis-bioarqueologico-bandojan-yuthu_parte_007.md (linea 6-8) aparece el mismo valor 2369+-36, 417-209 a.C. 95.4% SIN codigo de laboratorio visible (salto de archivo parte_006/parte_007); se infiere que es esta misma muestra AA84433. Se conserva una sola fila con el codigo confirmado por TESIS_UNSAAC_2026_13210."
"F011","AA84434/Yuthu RC-214","2329","37","","Yuthu","","Chanapata derivado (Formativo Tardio)","region_cusco","no","403-206 AC 95,40%","","03-tesis/TESIS_UNSAAC_2026_13210_estudio_de_la_cadena_operativa_de_las_manos_de_moler_del_f/parte_010_pp_045_050.md","89-92","AA84434/Yuthu RC-214 403-206 AC 95,40% 2329(+-)37","Davis y Delgado (2009)","Mismo dato citado tambien en TESIS_2018_analisis-bioarqueologico-bandojan-yuthu_parte_007.md linea 9-15."
"F012","AA84435/Yuthu RC-216","2295","38","","Yuthu","","Chanapata derivado (Formativo Tardio)","region_cusco","no","391-203 AC 95,40%","","03-tesis/TESIS_UNSAAC_2026_13210_estudio_de_la_cadena_operativa_de_las_manos_de_moler_del_f/parte_010_pp_045_050.md","95-98","AA84435/Yuthu RC-216 391-203 AC 95,40% 2295(+-)38","Davis y Delgado (2009)","Mismo dato citado tambien en TESIS_2018_analisis-bioarqueologico-bandojan-yuthu_parte_007.md linea 16-22."
"F013","AA84436/Yuthu RC-251","2223","36","","Yuthu","","Chanapata derivado (Formativo Tardio)","region_cusco","no","366-96 AC 95,40%","","03-tesis/TESIS_UNSAAC_2026_13210_estudio_de_la_cadena_operativa_de_las_manos_de_moler_del_f/parte_010_pp_045_050.md","101-104","AA84436/Yuthu RC-251 366-96 AC 95,40% 2223(+-)36","Davis y Delgado (2009)","Mismo dato citado tambien en TESIS_2018_analisis-bioarqueologico-bandojan-yuthu_parte_007.md linea 23-29."
"F014","AA84437/Yuthu RC-255","2243","36","","Yuthu","","Chanapata derivado (Formativo Tardio)","region_cusco","no","83-118 AC 95,40%","","03-tesis/TESIS_UNSAAC_2026_13210_estudio_de_la_cadena_operativa_de_las_manos_de_moler_del_f/parte_010_pp_045_050.md","107-110","AA84437/Yuthu RC-255 83-118 AC 95,40% 2243(+-)36","Davis y Delgado (2009)","El orden del rango calibrado (83-118 a.C.) aparece invertido en ambas fuentes (menor antes que mayor); posible error de OCR de la tabla original, se transcribe tal cual. Mismo dato citado tambien en TESIS_2018_analisis-bioarqueologico-bandojan-yuthu_parte_007.md linea 30-37."
"F015","","770","±140","","Sacsayhuaman","","ceramica Killke, Periodo Intermedio Tardio","ciudad_cusco","no","entre 1129 y 1351 d.C.","Calibrado Fairbanks","03-tesis/TESIS_2019_arqueologia-pachatusan-qosqo-ayllu/TESIS_2019_arqueologia-pachatusan-qosqo-ayllu_parte_007.md","86-87","de 1960 en Lucre, Pisaq y Sacsayhuaman. Este ultimo obtuvo un fechado radiocarbonico que dio 770±140 BP (Calibrado Fairbanks: entre 1129 y 1351 d.C.).","Edward Dwyer (decada de 1960), citado a traves de Bauer 2008, pp. 150-153","Posible mismo fechado original de Dwyer/Bauer sobre Sacsayhuaman que el reportado en TESIS_2019_evidencias-artefactuales-calle-mantas (1180±140 d.C.), pero con cifras distintas en cada tesis; se registran ambas versiones tal como aparecen literalmente en cada fuente, sin corregir la discrepancia."
"F016","","","±140","","Sacsayhuaman","fogon de contexto Killke","periodo Intermedio Tardio (Killke)","ciudad_cusco","si","1180+-140 D.C.","","03-tesis/TESIS_2019_evidencias-artefactuales-calle-mantas/TESIS_2019_evidencias-artefactuales-calle-mantas_parte_003.md","95-96","metodo de radiocarbono 14 a Killke en el periodo Intermedio tardio, a traves de una muestra extraida de un fogon de contexto Killke de Sacsayhuaman, 1180+-140 D.C. (Bauer).","Edward Dwyer, citado a traves de Bauer","Posible el mismo fechado que el reportado en TESIS_2019_arqueologia-pachatusan-qosqo-ayllu (ambos citan a Dwyer/Bauer sobre Sacsayhuaman), pero con cifras distintas en cada tesis (770±140 BP / 1129-1351 d.C. vs. 1180±140 d.C.); no se fusionan, se registran ambas literalmente."
"F017","","","+/- 140","","Tejahuasi (Paruro)","deposito sellado con ceramica Killke y Colcha","periodo Intermedio Tardio (Killke/Colcha)","region_cusco","si","1010 +/- 140 d.c.","","03-tesis/TESIS_2023_arquitectura-laura-pampakuchu-paruro/TESIS_2023_arquitectura-laura-pampakuchu-paruro_parte_023.md","198-199","Las excavaciones efectuadas en Tejahuasi encontraron a ambos en un contexto sellado que data de 1010 +/- 140 d.c. La recuperacion de ambos estilos dentro de un unico contexto no perturbado brinda una evidencia adicional que sugiere que ambos fueron usados al mismo tiempo","Brian Bauer (2002, pag. 60)",""
"F018","AA47651","642","±32","","Pukara Pantillijlla","gran estructura irregular fuera del nucleo del sitio","Inca (contexto Intermedio Tardio/Horizonte Tardio)","region_cusco","no","AD1280-1400 (95.4%)","OxCal v3.5","03-tesis/TESIS_2023_estratigrafico-arquitectura-pukara-pantillijlla/TESIS_2023_estratigrafico-arquitectura-pukara-pantillijlla_parte_008.md","139-145","AA47651 Gran estructura irregular fuera del nucleo del sitio Inca 642+/-32 AD1280-1400(95.4%)","Covey (2006, pag. 163)","Tabla 6 'Informacion de datacion radiocarbonica', modificada de Covey (2006); Pukara Pantillijlla esta en Cuyo Grande, distrito de Pisac, provincia de Calca (valle sagrado)."
"F019","AA47655","546","+-31","","Pukara Pantillijlla","estructura irregular en el nucleo del sitio","","region_cusco","no","AD1300-1360(32.9%) o 1380-1440(62.5%)","OxCal v3.5","03-tesis/TESIS_2023_estratigrafico-arquitectura-pukara-pantillijlla/TESIS_2023_estratigrafico-arquitectura-pukara-pantillijlla_parte_008.md","146-152","AA47655 Estructura irregular en el nucleo del sitio 546+-31 AD1300-1360(32.9%) o 1380-1440(62.5%)","Covey (2006, pag. 163)","Puede corresponder al fechado narrado en el cuerpo del texto como 'R-5... 1300-1370 / 1380-1440 d.C.' (parte_008, lineas 6-8) aunque los porcentajes no coinciden exactamente; se reportan por separado por prudencia."
"F020","AA47656","443","±32","","Pukara Pantillijlla","pequena estructura rectangular con evidencia de reutilizacion colonial","","region_cusco","no","AD1410-1500(95.4%)","OxCal v3.5","03-tesis/TESIS_2023_estratigrafico-arquitectura-pukara-pantillijlla/TESIS_2023_estratigrafico-arquitectura-pukara-pantillijlla_parte_008.md","153-160","AA47656 Pequena estructura rectangular con evidencia de reutilizacion colonial 443+/-32 AD1410-1500(95.4%)","Covey (2006, pag. 163)",""
"F021","AA47657","519","±55","","Pukara Pantillijlla","estructura rectangular, parte del complejo administrativo","","region_cusco","no","AD1300-1370(29.5%) o 1380-1480(65.6%)","OxCal v3.5","03-tesis/TESIS_2023_estratigrafico-arquitectura-pukara-pantillijlla/TESIS_2023_estratigrafico-arquitectura-pukara-pantillijlla_parte_008.md","161-168","AA47657 Estructura rectangular parte del complejo administrativo 519+/-55 AD1300-1370(29.5%) o 1380-1480(65.6%)","Covey (2006, pag. 163)",""
"F022","AA47658","590","±34","","Pukara Pantillijlla","gran estructura irregular en el nucleo del sitio","","region_cusco","no","AD1300-1420(95.4%)","OxCal v3.5","03-tesis/TESIS_2023_estratigrafico-arquitectura-pukara-pantillijlla/TESIS_2023_estratigrafico-arquitectura-pukara-pantillijlla_parte_008.md","169-174","AA47658 Gran estructura irregular en el nucleo del sitio 590+/-34 AD1300-1420(95.4%)","Covey (2006, pag. 163)",""
"F023","AA47659","382","±40","","Pukara Pantillijlla","estructura rectangular, posiblemente funcion ceremonial (R-31)","","region_cusco","no","AD1440-1530(56.5%) o 1540-1640(38.9%)","OxCal v3.5","03-tesis/TESIS_2023_estratigrafico-arquitectura-pukara-pantillijlla/TESIS_2023_estratigrafico-arquitectura-pukara-pantillijlla_parte_008.md","175-182","AA47659 Estructura rectangular, posiblemente funcion ceremonial 382+/-40 AD1440-1530(56.5%) o 1540-1640(38.9%)","Covey (2006, pag. 163); referido tambien como Covey 2003 en parte_034","Corresponde al R-31 mencionado en el cuerpo del texto ('Fechado radiocarbonico del R-31 del A.D 1440-1530(56.5%) o 1540-1640(38.9%)'). Tambien referenciado narrativamente en parte_012 linea 65, parte_034 lineas 179-180, y parte_035 linea 190."
"F024","AA34946","555","±45","(enlucido/revoque de nicho, segun narrativa del cuerpo del texto)","Pukara Pantillijlla","estructura central rectangular, edificio publico (R-5)","Periodo Intermedio Tardio (segun cuerpo del texto)","region_cusco","no","AD1300-1370(48.0%) o 1380-1400(47.4%)","OxCal v3.5; muestra reprocesada por Bauer y el Proyecto Arqueologico Valle del Cusco","03-tesis/TESIS_2023_estratigrafico-arquitectura-pukara-pantillijlla/TESIS_2023_estratigrafico-arquitectura-pukara-pantillijlla_parte_008.md","183-194","AA34946 Estructura central rectangular, edificio publico. 555+/-45 AD1300-1370(48.0%) o 1380-1400(47.4%)","Covey (2006, pag. 163), muestra reprocesada por Bauer y el Proyecto Arqueologico Valle del Cusco","En parte_033 (lineas 165-167) el cuerpo del texto describe este mismo fechado en prosa con porcentajes distintos: '1300-1370 d.C. (48.0%) o 1380-1440 d.C. (47.4%)' -- discrepancia entre tabla ('1380-1400') y prosa ('1380-1440'), posible error de OCR o de la fuente original; no se corrige."
"F025","","","","","Chokepukio","","Horizonte Medio a Horizonte Tardio","valle_cusco","si","865 a 1180 d.C.","","03-tesis/TESIS_2023_planeamiento-arquitectura-illarakay/TESIS_2023_planeamiento-arquitectura-illarakay_parte_009.md","202-203","Los mismos autores realizaron una datacion con C14, arrojando un fechado de 865 a 1180 d.C. McEwan et al., (2005)","McEwan et al. (2005)","Cita secundaria/comparanda sobre Chokepukio (cuenca de Lucre), no del sitio Illarakay."
"F026","","","","","Chokepukio","","","valle_cusco","si","1300 a 1460 (cal BP 640 a 490) d.C.","","03-tesis/TESIS_2023_planeamiento-arquitectura-illarakay/TESIS_2023_planeamiento-arquitectura-illarakay_parte_009.md","206-207","la fecha radiocarbonica hechas por Valencia & Chatfield (2001) en la zona de estudio, es de 1300 a 1460 (cal BP 640 a 490) d.C.","Valencia & Chatfield (2001)","Cita secundaria/comparanda."
"F027","BETA-167523","540","70","hueso","Illarakay","paramento (restos oseos enterrados)","Periodo Intermedio Tardio / Horizonte Tardio","region_cusco","no","cal 1290-1460 d.C.","","03-tesis/TESIS_2023_planeamiento-arquitectura-illarakay/TESIS_2023_planeamiento-arquitectura-illarakay_parte_006.md","289-291","Fechado del Periodo Intermedio Tardio/Termino Plazo horizonte: 540±70 BP (BETA-167523; hueso; d13C = -12,0 per mil)... Los resultados calibrados son similares: cal 1290-1460 y 1300-1460 d.C.","propia (excavaciones referidas en la tesis; citado junto a Chatfield 2007 y Valencia & Chatfield 2001)","Illarakay: distrito de Cusipata, provincia de Quispicanchi. No queda 100% claro si el codigo Beta corresponde a muestra propia del proyecto o retomada de Chatfield 2007/Valencia & Chatfield 2001; revisar documento original."
"F028","BETA-149193","520","60","madera (viga)","Illarakay / Aqnapampa","madera en contexto arquitectonico (mausoleo de campo, segun Earle et al. 2025)","Periodo Intermedio Tardio / Horizonte Tardio","region_cusco","no","cal 1290-1460 y 1300-1460 d.C. (Illarakay); INTCal20 95.4% AD 1300-1475 / SHCal20 95.4% AD 1320-1621 (Earle et al. 2025)","OxCal (Illarakay); INTCal20/SHCal20 (Earle et al. 2025)","03-tesis/TESIS_2023_planeamiento-arquitectura-illarakay/TESIS_2023_planeamiento-arquitectura-illarakay_parte_006.md","290-291","520±60 BP (BETA-149193; madera; d13C = -25,0 per mil). Los resultados calibrados son similares: cal 1290-1460 y 1300-1460 d.C.","Chatfield 2007:218 (segun Earle et al. 2025, tabla 3); citado tambien en TESIS_2023_planeamiento-arquitectura-illarakay","DUPLICADO por codigo de laboratorio: el mismo BETA-149193 con el mismo valor (520±60) aparece en 05-articulos/_recientes_2024-2026/earle2025tombs.md (fila 10, sitio 'Aqnapampa', contexto 'Field mausoleum', linea ~666-790) citando a Chatfield 2007:218. Se deja una sola fila; discrepancia de nombre de sitio (Illarakay vs Aqnapampa) sin resolver -- probablemente el mismo lugar referido con dos nombres o sitios vecinos citando la misma fuente (Chatfield 2007)."
"F029","","","","","Pukara (R48), distrito de Sicuani","","Periodo Intermedio Tardio","region_cusco","si","1300-1420 d.C.","","03-tesis/TESIS_2024_arquitectura-pukara-sicuani/TESIS_2024_arquitectura-pukara-sicuani_parte_001_sub01.md","13-17","Los autores senalan como R48 al sitio arqueologico de Pukara, ubicado en el distrito de Sicuani y lo ubican de manera segura en el Periodo Intermedio Tardio 27 (1300-1420 d.C.)","Sillar & Dean (2002)","'27' es numeracion de pagina OCR, no parte del dato."
"F030","","","","","Pukara Uhu (R18)","","fines del Horizonte Medio / inicios del Periodo Intermedio Tardio","region_cusco","si","900-910 d.C.","","03-tesis/TESIS_2024_arquitectura-pukara-sicuani/TESIS_2024_arquitectura-pukara-sicuani_parte_001_sub01.md","17","el sitio de Pukara Uhu (R18) tiene un fechado que corresponde a fines del Horizonte Medio y a inicios del Periodo Intermedio Tardio (900-910 d.C.)","Sillar & Dean (2002)",""
"F031","","","","","Kinsich'ata Cocha (R22)","","Periodo Intermedio Tardio / Inka Temprano","region_cusco","si","1300-1420 d.C.","","03-tesis/TESIS_2024_arquitectura-pukara-sicuani/TESIS_2024_arquitectura-pukara-sicuani_parte_001_sub01.md","17","mientras que Kinsich'ata Cocha (R22) pertenece al Periodo Intermedio Tardio / Inka Temprano (1300-1420 d.C.)","Sillar & Dean (2002)","Nombre del sitio con posible error de OCR en el apostrofe."
"F032","Q 3091","1580","60","","Huillca Racay (valle de Kusichaca)","excavaciones de Ann Kendall (1996)","final del Periodo Intermedio Temprano / inicio de produccion Qotakalli","region_cusco","no","probabilidad calibrada al 94%: 340-620 d.C.","","03-tesis/TESIS_UNSAAC_2019_5248_caracterizacion_petrologica_de_la_ceramica_qotakalli_del_s/parte_006_pp_033_037.md","76-79","un fechado radio carbonico [1580+/-60 A.P. (probabilidad calibrada al 94%: 340  620 d.C.) (Q 3091), proveniente de las excavaciones realizadas por Ann Kendall en 1996, en el sitio de Huillca Racay en el valle de Kusichaca","Bauer (2002)","DUPLICADO: el mismo codigo Q 3091, mismo valor (1580±60, cal 340-620 d.C.) aparece tambien en 05-articulos/publicacion-minaspata-ddc_cusco-of/publicacion-minaspata-ddc_cusco-of_sub04.md (linea 293-296), citando a Bauer 2002 via Ann Kendall. Se deja una sola fila; guion entre '340' y '620' no se OCR-izo (aparece como espacio) en la version de TESIS_UNSAAC_2019_5248."
"F033","AA 34934","1435","65","(no se especifica; fragmento de ceramica Qotakalli negro sobre crema en el fondo de un pozo)","Pukacancha","fondo de un pozo","produccion/uso de ceramica Qotakalli durante ocupacion Wari en el valle de Cusco","valle_cusco","no","probabilidad calibrada al 95.4%: 430-720 d.C.","","03-tesis/TESIS_UNSAAC_2019_5248_caracterizacion_petrologica_de_la_ceramica_qotakalli_del_s/parte_006_pp_033_037.md","130-132","el analisis de uno de estos fragmentos arrojo un fechado de [1435+/-65 AP (probabilidad calibrada al 95.4% 430  720 d.C. (AA 34934.)]","Bauer (2008)","Material no explicito en el texto citado."
"F034","AA 39787","1404","47","","Tankarpata","","produccion/uso de ceramica Qotakalli durante ocupacion Wari en el valle de Cusco","valle_cusco","no","probabilidad calibrada al 95.4%: 540-710 d.C.","","03-tesis/TESIS_UNSAAC_2019_5248_caracterizacion_petrologica_de_la_ceramica_qotakalli_del_s/parte_006_pp_033_037.md","132-133","otra muestra del sitio de Tankarpata arrojo un fechado de 1404+/- 47 AP [probabilidad calibrada al 95.4% 540  710 d.C. (AA 39787.)]","Bauer (2008)",""
"F035","AA 39783","1527","40","","Peqokaypata","","inicio de produccion de ceramica Qotakalli, antes de la expansion Wari","valle_cusco","no","probabilidad calibrada al 95.4%: 430-620 d.C.","","03-tesis/TESIS_UNSAAC_2019_5248_caracterizacion_petrologica_de_la_ceramica_qotakalli_del_s/parte_006_pp_033_037.md","134-135","en el sitio de Peqokaypata recogio muestras para ser datadas, que arrojaron un fechado de 1527+/- 40 AP [probabilidad calibrada al 95.4% 430  620 d.C. (AA 39783.)]","Bauer (2008)","CONFLICTO DE DATOS: el mismo codigo de laboratorio 'AA 39783' aparece en 05-articulos/publicacion-minaspata-ddc_cusco-of/publicacion-minaspata-ddc_cusco-of_sub04.md (linea 204-208) con un valor DISTINTO: 1422±51 AP, cal 530-700 d.C. (95.4%), citando a Bauer 2011 p.158, tambien para Peqokaypata. NO se fusionan (per regla de no inventar): ambas cifras se registran como filas separadas porque los valores numericos difieren, pese a compartir codigo de laboratorio y sitio; posible error de OCR o de trascripcion en una de las dos fuentes secundarias (Bauer 2008 vs Bauer 2011). Verificar contra Bauer original antes de usar en calibracion."
"F036","","","","","Chokepukio (Sector A, grandes salones nichados)","","Periodo Intermedio Tardio","valle_cusco","si","1200-1400 d.C.","","03-tesis/TESIS_UNSAAC_2025_10880_descripcion_de_las_formas_arquitectonicas_de_los_sitios_ar/parte_010_pp_039_044.md","135-137","Gibaja y McEwan (1999), indican que los grandes salones nichados del Sector A estan organizados arquitectonicamente. Sus fechados radiocarbonicos oscilan entre los anos 1200 y 1400 d.C.","Gibaja y McEwan (1999)",""
"F037","","","","","Bandojan (Anta)","Proyecto de Investigacion Arqueologica Bandojan-Anta, temporada 2013-2014","Formativo Tardio","region_cusco","si","360 a.C. - 145 d.C.","","03-tesis/TESIS_UNSAAC_2025_10945_estudio_arqueobotanico_de_las_diferencias_morfometricas_en/parte_019_pp_101_107.md","128-129","El fechado radiocarbonico realizado por Delgado (2019) para el sitio arqueologico de Bandojan, arroja una data de 360 a.C. - 145 d.C. que cronologicamente se ubica en el periodo Formativo Tardio","Delgado (2019)","No se aclara si el rango es edad convencional o calibrada. Posible relacion tematica con Beta-477535 (Bandojan, 2220±30 AP, cal 360-145 a.C. 95.4%, en TESIS_2018_analisis-bioarqueologico-bandojan-yuthu), pero al no compartir codigo de laboratorio ni edad AP explicita no se fusionan."
"F038","","","","","Zona Arqueologica K'anamarka (sectores Kuta Qasa e Inka Pirwa), Espinar","","periodo inca y colonial temprano","region_cusco","si","entre los anos 1422 y 1628 d.C.","","03-tesis/TESIS_UNSAAC_2025_11507_estudio_antracologico_en_los_sectores_inkapirwa_kuta_qasa_/parte_003_pp_017_024.md","142","investigacion se enmarca dentro del periodo inca y colonial temprano, respaldado por una datacion radiocarbonica que situa los contextos analizados entre los anos 1422 y 1628 d.C., de acuerdo con el informe del Proyecto de Investigacion Arqueologica con fines de Conservacion y Puesta en Valor...","Informe del Proyecto de Investigacion Arqueologica con fines de Conservacion y Puesta en Valor: Restauracion y Puesta en Valor de la Zona Arqueologica de K'anamarka, Sectores Kuta Qasa e Inka Pirwa (sin autor/ano explicito en el fragmento)","No se da numero de laboratorio ni edad AP; solo rango calendario atribuido a 'datacion radiocarbonica'."
"F039","","","","","Canamarca (Espinar)","","periodo Inka imperial","region_cusco","si","aproximadamente 1475 d.C.","","03-tesis/TESIS_UNSAAC_2025_11507_estudio_antracologico_en_los_sectores_inkapirwa_kuta_qasa_/parte_014_pp_081_090.md","18","Ann Kendall (1976) fecho la existencia de Canamarca (Espinar) a traves de analisis de radiocarbono (C14), obteniendo una fecha de aproximadamente 1475 d.C.","Kendall, A. (1976). Descripcion e inventario de las formas arquitectonicas inca. Patrones de distribucion e inferencias cronologicas","Cita indirecta de otra publicacion; sin codigo de laboratorio ni edad AP."
"F040","","","","","Lucre (subcuenca)","","Horizontes Temprano y Tardio de ocupacion humana","valle_cusco","si","1000 a.C. ± 1432 d.C. (tal cual OCR)","","03-tesis/TESIS_UNSAAC_2025_11507_estudio_antracologico_en_los_sectores_inkapirwa_kuta_qasa_/parte_012_pp_069_073.md","83-84","titulada 'Estudio arqueobotanico en la subcuenca de Lucre, una aproximacion a la economia vegetal entre los Horizontes Temprano y Tardio de ocupacion humana (1000 a.C. ± 1432 d.C.)'","Succlli, E. (2018), tesis de maestria","DATO DUDOSO: es el titulo de una tesis citada (Succlli 2018), no se confirma que sea un fechado radiocarbonico propiamente dicho con codigo de laboratorio; el simbolo '±' entre dos fechas calendaricas no tiene sentido matematico, probable error de OCR de un guion '-'. Se reporta con reserva. Tambien citado en parte_049_pp_292_300.md linea 91 (misma referencia bibliografica)."
"F041","ULA-10810","620","15","Carbon","Machuqolqa (Chinchero-Maras)","Nivel de fundacion de la unidad de excavacion 3, estructura semicircular asociada a ceramica del PIT","Periodo Intermedio Tardio (PIT)","region_cusco","no","1326-1340 (68.3%), 1392-1402 d.C. (68.3%); 1322-1350 (95.4%), 1388-1407 d.C. (95.4%)","SHCal20","05-articulos/_recientes_2024-2026/delgado2024machuqolqa.md","751-843","Tabla 3. Fechados radiocarbonicos de Machuqolqa (tabla: Carlos Delgado Gonzalez).","propia (Delgado Gonzalez, Guardapuclla Aragon y Socualaya Davila; muestras analizadas en Laboratoire Radiochronologie, Centre d'etudes nordiques, Universite Laval, Canada)","Tabla 3 del articulo; columnas reordenadas por OCR, valores agrupados por fila segun posicion relativa."
"F042","ULA-10811","650","15","Carbon","Machuqolqa (Chinchero-Maras)","Piso de ocupacion de la unidad de excavacion 11 asociado a ceramica del PIT, fogon y ceniza","Periodo Intermedio Tardio (PIT)","region_cusco","no","1321-1329(68.3%),1333-1352(68.3%),1387-1394(68.3%); 1315-1360(95.4%),1382-1400 d.C.(95.4%)","SHCal20","05-articulos/_recientes_2024-2026/delgado2024machuqolqa.md","751-843","Tabla 3. Fechados radiocarbonicos de Machuqolqa.","propia (Delgado Gonzalez, Guardapuclla Aragon y Socualaya Davila; muestras analizadas en Laboratoire Radiochronologie, Centre d'etudes nordiques, Universite Laval, Canada)","Tabla 3 del articulo; columnas reordenadas por OCR, valores agrupados por fila segun posicion relativa."
"F043","ULA-10812","590","15","Carbon","Machuqolqa (Chinchero-Maras)","Nivel de ocupacion de la unidad de excavacion 20, asociado a fragmentos de ceramica del PIT y area de combustion","Periodo Intermedio Tardio (PIT)","region_cusco","no","1398-1413 d.C.(68.3%); 1327-1336(95.4%),1392-1425 d.C.(95.4%)","SHCal20","05-articulos/_recientes_2024-2026/delgado2024machuqolqa.md","751-843","Tabla 3. Fechados radiocarbonicos de Machuqolqa.","propia (Delgado Gonzalez, Guardapuclla Aragon y Socualaya Davila; muestras analizadas en Laboratoire Radiochronologie, Centre d'etudes nordiques, Universite Laval, Canada)","Tabla 3 del articulo; columnas reordenadas por OCR, valores agrupados por fila segun posicion relativa."
"F044","ULA-10843","660","15","Hueso","Machuqolqa (Chinchero-Maras)","Intrusion en la unidad de excavacion 14 asociado a fragmentos de ceramica del PIT","Periodo Intermedio Tardio (PIT)","region_cusco","no","1318-1327,1336-1356,1384-1393 d.C.(68.3%); 1303-1362(95.4%),1380-1397 d.C.(95.4%)","SHCal20","05-articulos/_recientes_2024-2026/delgado2024machuqolqa.md","751-843","Tabla 3. Fechados radiocarbonicos de Machuqolqa.","propia (Delgado Gonzalez, Guardapuclla Aragon y Socualaya Davila; muestras analizadas en Laboratoire Radiochronologie, Centre d'etudes nordiques, Universite Laval, Canada)","Tabla 3 del articulo; columnas reordenadas por OCR, valores agrupados por fila segun posicion relativa."
"F045","ULA-11421","610","15","Carbon","Machuqolqa (Chinchero-Maras)","Evento de fundacion con una huanca enterrada en la unidad de excavacion 7","Periodo Intermedio Tardio (PIT)","region_cusco","no","1328-1337 d.C.(18.7%),1322-1347 d.C.(36.7%),1392-1408 d.C.(49.5%),1389-1413 d.C.(58.8%)","SHCal20","05-articulos/_recientes_2024-2026/delgado2024machuqolqa.md","751-843","Tabla 3. Fechados radiocarbonicos de Machuqolqa.","propia (Delgado Gonzalez, Guardapuclla Aragon y Socualaya Davila; muestras analizadas en Laboratoire Radiochronologie, Centre d'etudes nordiques, Universite Laval, Canada)","Tabla 3 del articulo; columnas reordenadas por OCR, valores agrupados por fila segun posicion relativa."
"F046","ULA-11422","655","15","Carbon","Machuqolqa (Chinchero-Maras)","Evento de abandono en la unidad de excavacion 3","Periodo Intermedio Tardio (PIT)","region_cusco","no","1318-1354 d.C.(56.0%),1307-1362 d.C.(73.4%),1386-1394 d.C.(12.3%),1380-1399 d.C.(22.1%)","SHCal20","05-articulos/_recientes_2024-2026/delgado2024machuqolqa.md","751-843","Tabla 3. Fechados radiocarbonicos de Machuqolqa.","propia (Delgado Gonzalez, Guardapuclla Aragon y Socualaya Davila; muestras analizadas en Laboratoire Radiochronologie, Centre d'etudes nordiques, Universite Laval, Canada)","Tabla 3 del articulo; columnas reordenadas por OCR, valores agrupados por fila segun posicion relativa."
"F047","ULA-11430","495","15","Ichhu grass (mortar)","Hatun Saywa","Field mausoleum","","region_cusco","no","INTCal20 95.4%: AD 1412-1441; SHCal20 95.4%: AD 1431-1455","INTCal20 / SHCal20","05-articulos/_recientes_2024-2026/earle2025tombs.md","666-790","Table 3. Radiocarbon Dates for Tomb Construction in the Cusco Region.","propia (this project)","Tabla 3 'Radiocarbon Dates for Tomb Construction in the Cusco Region', earle2025tombs.md; nota al pie: 'Dates provided by this project have not been previously published elsewhere.' Columnas fusionadas/filas no siempre repiten sitio en el OCR."
"F048","ULA-11415","345","15","","Pillpintuyoq","Field mausoleum","","region_cusco","no","AD 1478-1633 / AD 1506-1641","INTCal20 / SHCal20","05-articulos/_recientes_2024-2026/earle2025tombs.md","666-790","Table 3. Radiocarbon Dates for Tomb Construction in the Cusco Region.","propia (this project)","Tabla 3 'Radiocarbon Dates for Tomb Construction in the Cusco Region', earle2025tombs.md; nota al pie: 'Dates provided by this project have not been previously published elsewhere.' Columnas fusionadas/filas no siempre repiten sitio en el OCR."
"F049","ULA-10806","970","15","","Iskumoqo","Rock tomb","","region_cusco","no","AD 1027-1152 / AD 1036-1177","INTCal20 / SHCal20","05-articulos/_recientes_2024-2026/earle2025tombs.md","666-790","Table 3. Radiocarbon Dates for Tomb Construction in the Cusco Region.","propia (this project)","Tabla 3 'Radiocarbon Dates for Tomb Construction in the Cusco Region', earle2025tombs.md; nota al pie: 'Dates provided by this project have not been previously published elsewhere.' Columnas fusionadas/filas no siempre repiten sitio en el OCR."
"F050","ULA-11401","1025","15","","Iskumoqo (grupo, sitio no re-indicado en fila OCR)","Rock tomb","","region_cusco","no","AD 994-1028 / AD 1021-1145","INTCal20 / SHCal20","05-articulos/_recientes_2024-2026/earle2025tombs.md","666-790","Table 3. Radiocarbon Dates for Tomb Construction in the Cusco Region.","propia (this project)","Sitio no re-indicado en la fila del OCR, se asume continuacion del grupo Iskumoqo. Tabla 3 'Radiocarbon Dates for Tomb Construction in the Cusco Region', earle2025tombs.md; nota al pie: 'Dates provided by this project have not been previously published elsewhere.' Columnas fusionadas/filas no siempre repiten sitio en el OCR."
"F051","ULA-11426","440","15","","K'allaray","","","region_cusco","no","AD 1433-1459 / AD 1450-1612","INTCal20 / SHCal20","05-articulos/_recientes_2024-2026/earle2025tombs.md","666-790","Table 3. Radiocarbon Dates for Tomb Construction in the Cusco Region.","propia (this project)","Tabla 3 'Radiocarbon Dates for Tomb Construction in the Cusco Region', earle2025tombs.md; nota al pie: 'Dates provided by this project have not been previously published elsewhere.' Columnas fusionadas/filas no siempre repiten sitio en el OCR."
"F052","ULA-10807","425","15","","Lluq'iqhata","","","region_cusco","no","AD 1440-1473 / AD 1454-1615","INTCal20 / SHCal20","05-articulos/_recientes_2024-2026/earle2025tombs.md","666-790","Table 3. Radiocarbon Dates for Tomb Construction in the Cusco Region.","propia (this project)","Tabla 3 'Radiocarbon Dates for Tomb Construction in the Cusco Region', earle2025tombs.md; nota al pie: 'Dates provided by this project have not been previously published elsewhere.' Columnas fusionadas/filas no siempre repiten sitio en el OCR."
"F053","ULA-11411","670","20","","Markasunay","","","region_cusco","no","AD 1280-1388 / AD 1297-1395","INTCal20 / SHCal20","05-articulos/_recientes_2024-2026/earle2025tombs.md","666-790","Table 3. Radiocarbon Dates for Tomb Construction in the Cusco Region.","propia (this project)","Tabla 3 'Radiocarbon Dates for Tomb Construction in the Cusco Region', earle2025tombs.md; nota al pie: 'Dates provided by this project have not been previously published elsewhere.' Columnas fusionadas/filas no siempre repiten sitio en el OCR."
"F054","ULA-11410","670","15","","Pisaq","Cliff capsule","","region_cusco","no","AD 1281-1386 / AD 1299-1365","INTCal20 / SHCal20","05-articulos/_recientes_2024-2026/earle2025tombs.md","666-790","Table 3. Radiocarbon Dates for Tomb Construction in the Cusco Region.","propia (this project)","Tabla 3 'Radiocarbon Dates for Tomb Construction in the Cusco Region', earle2025tombs.md; nota al pie: 'Dates provided by this project have not been previously published elsewhere.' Columnas fusionadas/filas no siempre repiten sitio en el OCR."
"F055","ULA-10808","475","15","","Antaraqay","Honeycomb tomb","","region_cusco","no","AD 1423-1447 / AD 1437-1478","INTCal20 / SHCal20","05-articulos/_recientes_2024-2026/earle2025tombs.md","666-790","Table 3. Radiocarbon Dates for Tomb Construction in the Cusco Region.","propia (this project)","Tabla 3 'Radiocarbon Dates for Tomb Construction in the Cusco Region', earle2025tombs.md; nota al pie: 'Dates provided by this project have not been previously published elsewhere.' Columnas fusionadas/filas no siempre repiten sitio en el OCR."
"F056","AA-2218","414","49","Ichhu grass (mortar)","Kachiqhata","Field mausoleum","","region_cusco","no","AD 1422-1634 / AD 1447-1630","INTCal20 / SHCal20","05-articulos/_recientes_2024-2026/earle2025tombs.md","666-790","Table 3. Radiocarbon Dates for Tomb Construction in the Cusco Region.","Bengtsson 1998:102","Tabla 3 'Radiocarbon Dates for Tomb Construction in the Cusco Region', earle2025tombs.md; nota al pie: 'Dates provided by this project have not been previously published elsewhere.' Columnas fusionadas/filas no siempre repiten sitio en el OCR."
"F057","Ua-1710, Ua-1711","445","60","","Kachiqhata (grupo, continuacion)","","","region_cusco","no","AD 1329-1634 / AD 1421-1629","INTCal20 / SHCal20","05-articulos/_recientes_2024-2026/earle2025tombs.md","666-790","Table 3. Radiocarbon Dates for Tomb Construction in the Cusco Region.","Bengtsson 1998:102","Tabla 3 'Radiocarbon Dates for Tomb Construction in the Cusco Region', earle2025tombs.md; nota al pie: 'Dates provided by this project have not been previously published elsewhere.' Columnas fusionadas/filas no siempre repiten sitio en el OCR."
"F058","Ua-1709","660","65","","Kachiqhata (grupo, continuacion)","","","region_cusco","no","AD 1261-1419 / AD 1279-1428","INTCal20 / SHCal20","05-articulos/_recientes_2024-2026/earle2025tombs.md","666-790","Table 3. Radiocarbon Dates for Tomb Construction in the Cusco Region.","Bengtsson 1998:102","Tabla 3 'Radiocarbon Dates for Tomb Construction in the Cusco Region', earle2025tombs.md; nota al pie: 'Dates provided by this project have not been previously published elsewhere.' Columnas fusionadas/filas no siempre repiten sitio en el OCR."
"F059","AA-1407B","1110","60","","Kachiqhata (grupo, continuacion)","","","region_cusco","no","AD 774-1029 / AD 774-1150","INTCal20 / SHCal20","05-articulos/_recientes_2024-2026/earle2025tombs.md","666-790","Table 3. Radiocarbon Dates for Tomb Construction in the Cusco Region.","Bengtsson 1998:102","Tabla 3 'Radiocarbon Dates for Tomb Construction in the Cusco Region', earle2025tombs.md; nota al pie: 'Dates provided by this project have not been previously published elsewhere.' Columnas fusionadas/filas no siempre repiten sitio en el OCR."
"F060","D-AMS 014063","432","24","Ichhu grass (mortar)","Minaspata","Field mausoleum","","valle_cusco","no","AD 1440-1609 / AD 1454-1623","INTCal20 / SHCal20","05-articulos/_recientes_2024-2026/earle2025tombs.md","666-790","Table 3. Radiocarbon Dates for Tomb Construction in the Cusco Region.","Hardy 2019:588-589","Tabla 3 'Radiocarbon Dates for Tomb Construction in the Cusco Region', earle2025tombs.md; nota al pie: 'Dates provided by this project have not been previously published elsewhere.' Columnas fusionadas/filas no siempre repiten sitio en el OCR."
"F061","D-AMS 014065","367","20","","Minaspata","","","valle_cusco","no","AD 1452-1631 / AD 1489-1633","INTCal20 / SHCal20","05-articulos/_recientes_2024-2026/earle2025tombs.md","666-790","Table 3. Radiocarbon Dates for Tomb Construction in the Cusco Region.","Hardy 2019:588-589","Tabla 3 'Radiocarbon Dates for Tomb Construction in the Cusco Region', earle2025tombs.md; nota al pie: 'Dates provided by this project have not been previously published elsewhere.' Columnas fusionadas/filas no siempre repiten sitio en el OCR."
"F062","D-AMS 014067","317","23","","Minaspata","","","valle_cusco","no","AD 1490-1645 / AD 1507-1656","INTCal20 / SHCal20","05-articulos/_recientes_2024-2026/earle2025tombs.md","666-790","Table 3. Radiocarbon Dates for Tomb Construction in the Cusco Region.","Hardy 2019:588-589","Tabla 3 'Radiocarbon Dates for Tomb Construction in the Cusco Region', earle2025tombs.md; nota al pie: 'Dates provided by this project have not been previously published elsewhere.' Columnas fusionadas/filas no siempre repiten sitio en el OCR."
"F063","OS-135406","5070","40","sedimento organico a granel (bulk sediment)","Laguna Acopia (Acomayo)","Depth 7 cm","","region_cusco","no","cal BP 2s Range 5660-5897; Median Age Cal BP 5817","IntCal20 (calibrado con software rbacon)","05-articulos/_recientes_2024-2026/shadik2024acopia.md","281-378","Table 1. Results of AMS dating of eight bulk sediment samples from Lake Acopia, Peru. Ages were calibrated using rbacon and the IntCal20 calibration curve. * Indicates rejected radiocarbon date.","propia","Fechado paleoambiental (nucleo de sedimento lacustre), no arqueologico; sin periodo cultural asignado. El texto del articulo dice 'eight bulk sediment samples' pero la tabla lista 9 filas (discrepancia del articulo original, no del OCR). rechazado como outlier (marcado con asterisco en la tabla)"
"F064","OS-125490","4500","20","sedimento organico a granel (bulk sediment)","Laguna Acopia (Acomayo)","Depth 71 cm","","region_cusco","no","5159-5287; mediana 5167","IntCal20 (calibrado con software rbacon)","05-articulos/_recientes_2024-2026/shadik2024acopia.md","281-378","Table 1. Results of AMS dating of eight bulk sediment samples from Lake Acopia, Peru. Ages were calibrated using rbacon and the IntCal20 calibration curve. * Indicates rejected radiocarbon date.","propia","Fechado paleoambiental (nucleo de sedimento lacustre), no arqueologico; sin periodo cultural asignado. El texto del articulo dice 'eight bulk sediment samples' pero la tabla lista 9 filas (discrepancia del articulo original, no del OCR). rechazado como outlier"
"F065","DAMS-052062","3814","34","sedimento organico a granel (bulk sediment)","Laguna Acopia (Acomayo)","Depth 79 cm","","region_cusco","no","4089-4396; mediana 4203","IntCal20 (calibrado con software rbacon)","05-articulos/_recientes_2024-2026/shadik2024acopia.md","281-378","Table 1. Results of AMS dating of eight bulk sediment samples from Lake Acopia, Peru. Ages were calibrated using rbacon and the IntCal20 calibration curve. * Indicates rejected radiocarbon date.","propia","Fechado paleoambiental (nucleo de sedimento lacustre), no arqueologico; sin periodo cultural asignado. El texto del articulo dice 'eight bulk sediment samples' pero la tabla lista 9 filas (discrepancia del articulo original, no del OCR). rechazado como outlier"
"F066","OS-126479","2610","20","sedimento organico a granel (bulk sediment)","Laguna Acopia (Acomayo)","Depth 81 cm","","region_cusco","no","2698-2757; mediana 2749","IntCal20 (calibrado con software rbacon)","05-articulos/_recientes_2024-2026/shadik2024acopia.md","281-378","Table 1. Results of AMS dating of eight bulk sediment samples from Lake Acopia, Peru. Ages were calibrated using rbacon and the IntCal20 calibration curve. * Indicates rejected radiocarbon date.","propia","Fechado paleoambiental (nucleo de sedimento lacustre), no arqueologico; sin periodo cultural asignado. El texto del articulo dice 'eight bulk sediment samples' pero la tabla lista 9 filas (discrepancia del articulo original, no del OCR). rechazado como outlier"
"F067","OS-135405","3140","25","sedimento organico a granel (bulk sediment)","Laguna Acopia (Acomayo)","Depth 120 cm","","region_cusco","no","3222-3383; mediana 3368","IntCal20 (calibrado con software rbacon)","05-articulos/_recientes_2024-2026/shadik2024acopia.md","281-378","Table 1. Results of AMS dating of eight bulk sediment samples from Lake Acopia, Peru. Ages were calibrated using rbacon and the IntCal20 calibration curve. * Indicates rejected radiocarbon date.","propia","Fechado paleoambiental (nucleo de sedimento lacustre), no arqueologico; sin periodo cultural asignado. El texto del articulo dice 'eight bulk sediment samples' pero la tabla lista 9 filas (discrepancia del articulo original, no del OCR). rechazado como outlier"
"F068","OS-125489","2480","20","sedimento organico a granel (bulk sediment)","Laguna Acopia (Acomayo)","Depth 156 cm","","region_cusco","no","2633-2701; mediana 2589","IntCal20 (calibrado con software rbacon)","05-articulos/_recientes_2024-2026/shadik2024acopia.md","281-378","Table 1. Results of AMS dating of eight bulk sediment samples from Lake Acopia, Peru. Ages were calibrated using rbacon and the IntCal20 calibration curve. * Indicates rejected radiocarbon date.","propia","Fechado paleoambiental (nucleo de sedimento lacustre), no arqueologico; sin periodo cultural asignado. El texto del articulo dice 'eight bulk sediment samples' pero la tabla lista 9 filas (discrepancia del articulo original, no del OCR). aceptado, usado en el modelo de edad"
"F069","OS-125503","3070","20","sedimento organico a granel (bulk sediment)","Laguna Acopia (Acomayo)","Depth 365.5 cm","","region_cusco","no","3283-3345; mediana 3291","IntCal20 (calibrado con software rbacon)","05-articulos/_recientes_2024-2026/shadik2024acopia.md","281-378","Table 1. Results of AMS dating of eight bulk sediment samples from Lake Acopia, Peru. Ages were calibrated using rbacon and the IntCal20 calibration curve. * Indicates rejected radiocarbon date.","propia","Fechado paleoambiental (nucleo de sedimento lacustre), no arqueologico; sin periodo cultural asignado. El texto del articulo dice 'eight bulk sediment samples' pero la tabla lista 9 filas (discrepancia del articulo original, no del OCR). aceptado"
"F070","OS-125504","4180","20","sedimento organico a granel (bulk sediment)","Laguna Acopia (Acomayo)","Depth 578 cm","","region_cusco","no","4570-4823; mediana 4728","IntCal20 (calibrado con software rbacon)","05-articulos/_recientes_2024-2026/shadik2024acopia.md","281-378","Table 1. Results of AMS dating of eight bulk sediment samples from Lake Acopia, Peru. Ages were calibrated using rbacon and the IntCal20 calibration curve. * Indicates rejected radiocarbon date.","propia","Fechado paleoambiental (nucleo de sedimento lacustre), no arqueologico; sin periodo cultural asignado. El texto del articulo dice 'eight bulk sediment samples' pero la tabla lista 9 filas (discrepancia del articulo original, no del OCR). aceptado"
"F071","OS-125505","5610","25","sedimento organico a granel (bulk sediment)","Laguna Acopia (Acomayo)","Depth 698 cm","","region_cusco","no","6298-6407; mediana 6372","IntCal20 (calibrado con software rbacon)","05-articulos/_recientes_2024-2026/shadik2024acopia.md","281-378","Table 1. Results of AMS dating of eight bulk sediment samples from Lake Acopia, Peru. Ages were calibrated using rbacon and the IntCal20 calibration curve. * Indicates rejected radiocarbon date.","propia","Fechado paleoambiental (nucleo de sedimento lacustre), no arqueologico; sin periodo cultural asignado. El texto del articulo dice 'eight bulk sediment samples' pero la tabla lista 9 filas (discrepancia del articulo original, no del OCR). aceptado"
"F072","Hd-17618-17090","1959","27","carbon","Batan Urqu (cuenca del rio Huaro)","Prueba 1","","valle_cusco","no","AD 25-85 (1s)/AD 5-125 (2s)","CALIB3 (Stuiver & Reimer 1993)","05-articulos/migraciones-altiplanicas-batan_orqo-julihno-z/migraciones-altiplanicas-batan_orqo-julihno-z_sub26.md","18-112","Hd 17618- Prueba 1 1959 ± 27 AD 25 - 85 AD 5 - 125 17090 -23.45","propia","Tabla de 13 fechados (de 15 muestras enviadas al Laboratorio de C14 de la Universidad de Heidelberg; Pruebas 3 y 4 aun pendientes segun el informe, lineas 116-121). Proyecto Arqueologico Huaro, temporada 1994-1995, Julinho Zapata Rodriguez. Sitio confirmado como Batan Urqu, valle del Cusco (no el homonimo altiplanico), por el titulo del informe."
"F073","Hd-17619-17089","2073","29","carbon","Batan Urqu (cuenca del rio Huaro)","Prueba 2","Formativo","valle_cusco","no","BC 105-35 (1s)/BC 165-cal AD 5 (2s)","CALIB3 (Stuiver & Reimer 1993)","05-articulos/migraciones-altiplanicas-batan_orqo-julihno-z/migraciones-altiplanicas-batan_orqo-julihno-z_sub26.md","18-112","Hd 17619- Prueba 2 2073 ± 29 BC 105 - 35 BC 165 - cal AD 17089 -23.40 5","propia","Tabla de 13 fechados (de 15 muestras enviadas al Laboratorio de C14 de la Universidad de Heidelberg; Pruebas 3 y 4 aun pendientes segun el informe, lineas 116-121). Proyecto Arqueologico Huaro, temporada 1994-1995, Julinho Zapata Rodriguez. Sitio confirmado como Batan Urqu, valle del Cusco (no el homonimo altiplanico), por el titulo del informe."
"F074","Hd-17622-17091","1724","27","carbon","Batan Urqu (cuenca del rio Huaro)","Prueba 5","","valle_cusco","no","AD 260-295/325-390 (1s)/AD 250-415 (2s)","CALIB3 (Stuiver & Reimer 1993)","05-articulos/migraciones-altiplanicas-batan_orqo-julihno-z/migraciones-altiplanicas-batan_orqo-julihno-z_sub26.md","18-112","Hd 17622- Prueba 5 1724 ± 27 AD 260 - 295 AD 250 - 415 17091 -23.53 325 - 390","propia","Tabla de 13 fechados (de 15 muestras enviadas al Laboratorio de C14 de la Universidad de Heidelberg; Pruebas 3 y 4 aun pendientes segun el informe, lineas 116-121). Proyecto Arqueologico Huaro, temporada 1994-1995, Julinho Zapata Rodriguez. Sitio confirmado como Batan Urqu, valle del Cusco (no el homonimo altiplanico), por el titulo del informe."
"F075","Hd-17623-17165","1639","22","carbon","Batan Urqu (cuenca del rio Huaro)","Prueba 6","","valle_cusco","no","AD 410-435 (1s)/AD 395-450 (2s)","CALIB3 (Stuiver & Reimer 1993)","05-articulos/migraciones-altiplanicas-batan_orqo-julihno-z/migraciones-altiplanicas-batan_orqo-julihno-z_sub26.md","18-112","Hd 17623- Prueba 6 1639 ± 22 AD 410 - 435 AD 395 - 450 17165 -22.82","propia","Tabla de 13 fechados (de 15 muestras enviadas al Laboratorio de C14 de la Universidad de Heidelberg; Pruebas 3 y 4 aun pendientes segun el informe, lineas 116-121). Proyecto Arqueologico Huaro, temporada 1994-1995, Julinho Zapata Rodriguez. Sitio confirmado como Batan Urqu, valle del Cusco (no el homonimo altiplanico), por el titulo del informe."
"F076","Hd-17624-17330","1762","32","carbon","Batan Urqu (cuenca del rio Huaro)","Prueba 7","","valle_cusco","no","AD 245-270/275-340 (1s)/AD 225-390 (2s)","CALIB3 (Stuiver & Reimer 1993)","05-articulos/migraciones-altiplanicas-batan_orqo-julihno-z/migraciones-altiplanicas-batan_orqo-julihno-z_sub26.md","18-112","Hd 17624- Prueba 7 1762 ± 32 AD 245 - 270 AD 225 - 390 17330 -19.35 275 - 340","propia","Tabla de 13 fechados (de 15 muestras enviadas al Laboratorio de C14 de la Universidad de Heidelberg; Pruebas 3 y 4 aun pendientes segun el informe, lineas 116-121). Proyecto Arqueologico Huaro, temporada 1994-1995, Julinho Zapata Rodriguez. Sitio confirmado como Batan Urqu, valle del Cusco (no el homonimo altiplanico), por el titulo del informe."
"F077","Hd-17625-17331","1667","29","carbon","Batan Urqu (cuenca del rio Huaro)","Prueba 8","","valle_cusco","no","AD 385-425 / AD 270-275 / 335-440 (columnas posiblemente desordenadas por OCR)","CALIB3 (Stuiver & Reimer 1993)","05-articulos/migraciones-altiplanicas-batan_orqo-julihno-z/migraciones-altiplanicas-batan_orqo-julihno-z_sub26.md","18-112","Hd 17625- Prueba 8 1667 ± 29 AD 385 - 425 AD 270 - 275 17331 -23.82 335 - 440","propia","Tabla de 13 fechados (de 15 muestras enviadas al Laboratorio de C14 de la Universidad de Heidelberg; Pruebas 3 y 4 aun pendientes segun el informe, lineas 116-121). Proyecto Arqueologico Huaro, temporada 1994-1995, Julinho Zapata Rodriguez. Sitio confirmado como Batan Urqu, valle del Cusco (no el homonimo altiplanico), por el titulo del informe."
"F078","Hd-17626-17188","1938","26","carbon","Batan Urqu (cuenca del rio Huaro)","Prueba 9","","valle_cusco","no","AD 65-90/100-120 (1s)/AD 20-130 (2s)","CALIB3 (Stuiver & Reimer 1993)","05-articulos/migraciones-altiplanicas-batan_orqo-julihno-z/migraciones-altiplanicas-batan_orqo-julihno-z_sub26.md","18-112","Hd 17626- Prueba 9 1938 ± 26 AD 65 - 90 AD 20 - 130 17188 -23.66 100 - 120","propia","Tabla de 13 fechados (de 15 muestras enviadas al Laboratorio de C14 de la Universidad de Heidelberg; Pruebas 3 y 4 aun pendientes segun el informe, lineas 116-121). Proyecto Arqueologico Huaro, temporada 1994-1995, Julinho Zapata Rodriguez. Sitio confirmado como Batan Urqu, valle del Cusco (no el homonimo altiplanico), por el titulo del informe."
"F079","Hd-17627-17115","1420","26","carbon","Batan Urqu (cuenca del rio Huaro)","Prueba 10; Unidad de excavacion 3000, ofrendas quemadas cubiertas con piedras","Intermedio Tardio/pre-Inca","valle_cusco","no","AD 630-660 (1s)/AD 610-670 (2s)","CALIB3 (Stuiver & Reimer 1993)","05-articulos/migraciones-altiplanicas-batan_orqo-julihno-z/migraciones-altiplanicas-batan_orqo-julihno-z_sub26.md","18-112","Hd 17627- Prueba 10 1420 ± 26 AD 630 - 660 AD 610 - 670 17115 -24.03","propia","Tabla de 13 fechados (de 15 muestras enviadas al Laboratorio de C14 de la Universidad de Heidelberg; Pruebas 3 y 4 aun pendientes segun el informe, lineas 116-121). Proyecto Arqueologico Huaro, temporada 1994-1995, Julinho Zapata Rodriguez. Sitio confirmado como Batan Urqu, valle del Cusco (no el homonimo altiplanico), por el titulo del informe."
"F080","Hd-17628-17342","1648","18","carbon","Batan Urqu (cuenca del rio Huaro)","Prueba 11","","valle_cusco","no","AD 410-430 (1s)/AD 390-440 (2s)","CALIB3 (Stuiver & Reimer 1993)","05-articulos/migraciones-altiplanicas-batan_orqo-julihno-z/migraciones-altiplanicas-batan_orqo-julihno-z_sub26.md","18-112","Hd 17628- Prueba 11 1648 ± 18 AD 410 - 430 AD 390 - 440 17342 -22.86","propia","Tabla de 13 fechados (de 15 muestras enviadas al Laboratorio de C14 de la Universidad de Heidelberg; Pruebas 3 y 4 aun pendientes segun el informe, lineas 116-121). Proyecto Arqueologico Huaro, temporada 1994-1995, Julinho Zapata Rodriguez. Sitio confirmado como Batan Urqu, valle del Cusco (no el homonimo altiplanico), por el titulo del informe."
"F081","Hd-17629-17354","1933","24","carbon","Batan Urqu (cuenca del rio Huaro)","Prueba 12","","valle_cusco","no","AD 65-120 (1s)/AD 20-130 (2s)","CALIB3 (Stuiver & Reimer 1993)","05-articulos/migraciones-altiplanicas-batan_orqo-julihno-z/migraciones-altiplanicas-batan_orqo-julihno-z_sub26.md","18-112","Hd 17629- Prueba 12 1933 ± 24 AD 65 - 120 AD 20 - 130 17354 -23.20","propia","Tabla de 13 fechados (de 15 muestras enviadas al Laboratorio de C14 de la Universidad de Heidelberg; Pruebas 3 y 4 aun pendientes segun el informe, lineas 116-121). Proyecto Arqueologico Huaro, temporada 1994-1995, Julinho Zapata Rodriguez. Sitio confirmado como Batan Urqu, valle del Cusco (no el homonimo altiplanico), por el titulo del informe."
"F082","Hd-17630-17333","1728","27","carbon","Batan Urqu (cuenca del rio Huaro)","Prueba 13","","valle_cusco","no","AD 260-300/325-385 (1s)/AD 250-410 (2s)","CALIB3 (Stuiver & Reimer 1993)","05-articulos/migraciones-altiplanicas-batan_orqo-julihno-z/migraciones-altiplanicas-batan_orqo-julihno-z_sub26.md","18-112","Hd 17630- Prueba 13 1728 ± 27 AD 260 - 300 AD 250 - 410 17333 -23.81 325 - 385","propia","Tabla de 13 fechados (de 15 muestras enviadas al Laboratorio de C14 de la Universidad de Heidelberg; Pruebas 3 y 4 aun pendientes segun el informe, lineas 116-121). Proyecto Arqueologico Huaro, temporada 1994-1995, Julinho Zapata Rodriguez. Sitio confirmado como Batan Urqu, valle del Cusco (no el homonimo altiplanico), por el titulo del informe."
"F083","Hd-17631-17340","1702","20","carbon","Batan Urqu (cuenca del rio Huaro)","Prueba 14; columnas de calibracion posiblemente desordenadas por OCR","","valle_cusco","no","AD 275-275/265-290/340-400/325-415","CALIB3 (Stuiver & Reimer 1993)","05-articulos/migraciones-altiplanicas-batan_orqo-julihno-z/migraciones-altiplanicas-batan_orqo-julihno-z_sub26.md","18-112","Hd 17631- Prueba 14 1702 ± 20 AD 275 - 275 AD 265 - 290 17340 -24.06 340 - 400 325 - 415","propia","Tabla de 13 fechados (de 15 muestras enviadas al Laboratorio de C14 de la Universidad de Heidelberg; Pruebas 3 y 4 aun pendientes segun el informe, lineas 116-121). Proyecto Arqueologico Huaro, temporada 1994-1995, Julinho Zapata Rodriguez. Sitio confirmado como Batan Urqu, valle del Cusco (no el homonimo altiplanico), por el titulo del informe."
"F084","Hd-17632-17341","1949","24","carbon","Batan Urqu (cuenca del rio Huaro)","Prueba 15","","valle_cusco","no","AD 30-35/60-85 (1s)/AD 15-125 (2s)","CALIB3 (Stuiver & Reimer 1993)","05-articulos/migraciones-altiplanicas-batan_orqo-julihno-z/migraciones-altiplanicas-batan_orqo-julihno-z_sub26.md","18-112","Hd 17632- Prueba 15 1949 ± 24 AD 30 - 35 AD 15 - 125 17341 -22.93 60 - 85","propia","Tabla de 13 fechados (de 15 muestras enviadas al Laboratorio de C14 de la Universidad de Heidelberg; Pruebas 3 y 4 aun pendientes segun el informe, lineas 116-121). Proyecto Arqueologico Huaro, temporada 1994-1995, Julinho Zapata Rodriguez. Sitio confirmado como Batan Urqu, valle del Cusco (no el homonimo altiplanico), por el titulo del informe."
"F085","AA 34931","1615","±50","carbon","Peqokaypata (San Jeronimo)","rasgo tipo pozo, matriz Chanapata derivado mezclado con estilo transicional a Qotakalli; asociado a ceramica Waru","posible inicio del Intermedio Temprano","valle_cusco","no","260 [2,0%] 280 d.C.; 320 [93,4%] 570 d.C. (95.4%)","","05-articulos/publicacion-minaspata-ddc_cusco-of/publicacion-minaspata-ddc_cusco-of_sub04.md","149-150","La muestra es de Peqokaypata y dio una fecha de 1615+/-50 A.P. (calibrada con un 95.4% de probabilidad: 260 [2,0 %] 280 d.C.; 320) [93,4%] 570 d.C.; muestra AA 34931 [muestra de carbon])","Bauer, 2011","Posible desalineacion de OCR en '320)'."
"F086","AA 39783","1422","±51","carbon","Peqokaypata (San Jeronimo)","contextos con ceramica Qotakalli, incensarios incisos y Muyu Orco","","valle_cusco","no","530-700 d.C. (95.4%)","","05-articulos/publicacion-minaspata-ddc_cusco-of/publicacion-minaspata-ddc_cusco-of_sub04.md","204-208","Se recupero una muestra de carbon (muestra AA 39783) que arroja un fechado de 1422+/-51 A.P. (calibrada al 95.4% de probabilidad: 530 - 700 d.C. (p. 158)","Bauer, 2011 (p.158)","CONFLICTO DE DATOS: el mismo codigo de laboratorio 'AA 39783' aparece en TESIS_UNSAAC_2019_5248 (parte_006_pp_033_037.md, linea 134-135) con un valor DISTINTO: 1527±40 AP, cal 430-620 d.C. (95.4%), citando a Bauer 2008, tambien para Peqokaypata. Ambas cifras se registran por separado porque difieren pese a compartir codigo y sitio; verificar contra Bauer original (2008 vs 2011) antes de usar en calibracion formal. Falta parentesis de cierre en el original ('(p. 158)')."
"F087","Gx-203","","","","Chanapata (sitio tipo Carmenca, Cusco)","","comienzos del Periodo Intermedio Temprano (600 a.C.-100 a.C., segun conjunto de 6 fechados centrales)","ciudad_cusco","si","1380 a.C.","","05-articulos/ravines-ceramica_documento/ravines-ceramica_documento_parte_009.md","237-239","Salvo dos fechados extremos de 1380 a.C. (Gx-203) y de 770 d.C. (Gak-2958), un conjunto de seis dataciones C14 ubican al estilo Chanapata a comienzos del Periodo Intermedio Temprano, entre 600 a.C. y 100 a.C.","no indicado explicitamente en el fragmento de Ravines (fuente compiladora: R. Ravines, Estilos de Ceramica del Antiguo Peru)","Fecha dada directamente como ano calendario junto al codigo de laboratorio, sin edad AP/BP ni sigma explicitos en el texto. Sitio tipo: Carmenca, Cusco (Rowe 1941). (fechado extremo, fuera del rango principal)"
"F088","Gak-2958","","","","Chanapata (sitio tipo Carmenca, Cusco)","","comienzos del Periodo Intermedio Temprano (600 a.C.-100 a.C., segun conjunto de 6 fechados centrales)","ciudad_cusco","si","770 d.C.","","05-articulos/ravines-ceramica_documento/ravines-ceramica_documento_parte_009.md","237-239","Salvo dos fechados extremos de 1380 a.C. (Gx-203) y de 770 d.C. (Gak-2958), un conjunto de seis dataciones C14 ubican al estilo Chanapata a comienzos del Periodo Intermedio Temprano, entre 600 a.C. y 100 a.C.","no indicado explicitamente en el fragmento de Ravines (fuente compiladora: R. Ravines, Estilos de Ceramica del Antiguo Peru)","Fecha dada directamente como ano calendario junto al codigo de laboratorio, sin edad AP/BP ni sigma explicitos en el texto. Sitio tipo: Carmenca, Cusco (Rowe 1941). (fechado extremo, fuera del rango principal)"
"F089","P-1561","","","","Chanapata (sitio tipo Carmenca, Cusco)","","comienzos del Periodo Intermedio Temprano (600 a.C.-100 a.C., segun conjunto de 6 fechados centrales)","ciudad_cusco","si","146 a.C.","","05-articulos/ravines-ceramica_documento/ravines-ceramica_documento_parte_009.md","243-246","Los fechados en mencion son: 146 a.C. (P-1561), 181 a.C. (P-1560), 410 a.C. (N-90), 570 a.C. (N-89), 583 a.C. (P-1586) y 677 a.C. (P-1589).","no indicado explicitamente en el fragmento de Ravines (fuente compiladora: R. Ravines, Estilos de Ceramica del Antiguo Peru)","Fecha dada directamente como ano calendario junto al codigo de laboratorio, sin edad AP/BP ni sigma explicitos en el texto. Sitio tipo: Carmenca, Cusco (Rowe 1941)."
"F090","P-1560","","","","Chanapata (sitio tipo Carmenca, Cusco)","","comienzos del Periodo Intermedio Temprano (600 a.C.-100 a.C., segun conjunto de 6 fechados centrales)","ciudad_cusco","si","181 a.C.","","05-articulos/ravines-ceramica_documento/ravines-ceramica_documento_parte_009.md","243-246","Los fechados en mencion son: 146 a.C. (P-1561), 181 a.C. (P-1560), 410 a.C. (N-90), 570 a.C. (N-89), 583 a.C. (P-1586) y 677 a.C. (P-1589).","no indicado explicitamente en el fragmento de Ravines (fuente compiladora: R. Ravines, Estilos de Ceramica del Antiguo Peru)","Fecha dada directamente como ano calendario junto al codigo de laboratorio, sin edad AP/BP ni sigma explicitos en el texto. Sitio tipo: Carmenca, Cusco (Rowe 1941)."
"F091","N-90","","","","Chanapata (sitio tipo Carmenca, Cusco)","","comienzos del Periodo Intermedio Temprano (600 a.C.-100 a.C., segun conjunto de 6 fechados centrales)","ciudad_cusco","si","410 a.C.","","05-articulos/ravines-ceramica_documento/ravines-ceramica_documento_parte_009.md","243-246","Los fechados en mencion son: 146 a.C. (P-1561), 181 a.C. (P-1560), 410 a.C. (N-90), 570 a.C. (N-89), 583 a.C. (P-1586) y 677 a.C. (P-1589).","no indicado explicitamente en el fragmento de Ravines (fuente compiladora: R. Ravines, Estilos de Ceramica del Antiguo Peru)","Fecha dada directamente como ano calendario junto al codigo de laboratorio, sin edad AP/BP ni sigma explicitos en el texto. Sitio tipo: Carmenca, Cusco (Rowe 1941)."
"F092","N-89","","","","Chanapata (sitio tipo Carmenca, Cusco)","","comienzos del Periodo Intermedio Temprano (600 a.C.-100 a.C., segun conjunto de 6 fechados centrales)","ciudad_cusco","si","570 a.C.","","05-articulos/ravines-ceramica_documento/ravines-ceramica_documento_parte_009.md","243-246","Los fechados en mencion son: 146 a.C. (P-1561), 181 a.C. (P-1560), 410 a.C. (N-90), 570 a.C. (N-89), 583 a.C. (P-1586) y 677 a.C. (P-1589).","no indicado explicitamente en el fragmento de Ravines (fuente compiladora: R. Ravines, Estilos de Ceramica del Antiguo Peru)","Fecha dada directamente como ano calendario junto al codigo de laboratorio, sin edad AP/BP ni sigma explicitos en el texto. Sitio tipo: Carmenca, Cusco (Rowe 1941)."
"F093","P-1586","","","","Chanapata (sitio tipo Carmenca, Cusco)","","comienzos del Periodo Intermedio Temprano (600 a.C.-100 a.C., segun conjunto de 6 fechados centrales)","ciudad_cusco","si","583 a.C.","","05-articulos/ravines-ceramica_documento/ravines-ceramica_documento_parte_009.md","243-246","Los fechados en mencion son: 146 a.C. (P-1561), 181 a.C. (P-1560), 410 a.C. (N-90), 570 a.C. (N-89), 583 a.C. (P-1586) y 677 a.C. (P-1589).","no indicado explicitamente en el fragmento de Ravines (fuente compiladora: R. Ravines, Estilos de Ceramica del Antiguo Peru)","Fecha dada directamente como ano calendario junto al codigo de laboratorio, sin edad AP/BP ni sigma explicitos en el texto. Sitio tipo: Carmenca, Cusco (Rowe 1941)."
"F094","P-1589","","","","Chanapata (sitio tipo Carmenca, Cusco)","","comienzos del Periodo Intermedio Temprano (600 a.C.-100 a.C., segun conjunto de 6 fechados centrales)","ciudad_cusco","si","677 a.C.","","05-articulos/ravines-ceramica_documento/ravines-ceramica_documento_parte_009.md","243-246","Los fechados en mencion son: 146 a.C. (P-1561), 181 a.C. (P-1560), 410 a.C. (N-90), 570 a.C. (N-89), 583 a.C. (P-1586) y 677 a.C. (P-1589).","no indicado explicitamente en el fragmento de Ravines (fuente compiladora: R. Ravines, Estilos de Ceramica del Antiguo Peru)","Fecha dada directamente como ano calendario junto al codigo de laboratorio, sin edad AP/BP ni sigma explicitos en el texto. Sitio tipo: Carmenca, Cusco (Rowe 1941)."
