fuente_archivo,filas,fuente_primaria_indicada,url_publica
02-libros/burger-mcewan_2006_inca-state-origins-collapse-regeneration/burger-mcewan_2006_inca-state-origins-collapse-regeneration.md,1,Chavez 1980; Valencia y Gibaja 1991 (citado por Burger y McEwan 2006),https://bibliovault.org/BV.book.epl?ISBN=9780816529360
03-tesis/calero-fernandez_2015_ceramica-formativa-sicuani-tomoii/calero-fernandez_2015_ceramica-formativa-sicuani-tomoii_parte_001.md,2,propia,
03-tesis/TESIS_2018_analisis-bioarqueologico-bandojan-yuthu/TESIS_2018_analisis-bioarqueologico-bandojan-yuthu_parte_006.md,3,Delgado 2018,https://hdl.handle.net/20.500.12918/3566
03-tesis/TESIS_UNSAAC_2026_13210_estudio_de_la_cadena_operativa_de_las_manos_de_moler_del_f/parte_010_pp_045_050.md,8,Davis y Delgado (2009),https://hdl.handle.net/20.500.12918/13210
03-tesis/TESIS_2019_arqueologia-pachatusan-qosqo-ayllu/TESIS_2019_arqueologia-pachatusan-qosqo-ayllu_parte_007.md,1,"Edward Dwyer (decada de 1960), citado a traves de Bauer 2008, pp. 150-153",https://hdl.handle.net/20.500.12918/4163
03-tesis/TESIS_2019_evidencias-artefactuales-calle-mantas/TESIS_2019_evidencias-artefactuales-calle-mantas_parte_003.md,1,"Edward Dwyer, citado a traves de Bauer",https://hdl.handle.net/20.500.12918/3838
03-tesis/TESIS_2023_arquitectura-laura-pampakuchu-paruro/TESIS_2023_arquitectura-laura-pampakuchu-paruro_parte_023.md,1,"Brian Bauer (2002, pag. 60)",https://hdl.handle.net/20.500.12918/7976
03-tesis/TESIS_2023_estratigrafico-arquitectura-pukara-pantillijlla/TESIS_2023_estratigrafico-arquitectura-pukara-pantillijlla_parte_008.md,7,"Covey (2006, pag. 163)",https://hdl.handle.net/20.500.12918/7753
03-tesis/TESIS_2023_planeamiento-arquitectura-illarakay/TESIS_2023_planeamiento-arquitectura-illarakay_parte_009.md,2,McEwan et al. (2005),https://hdl.handle.net/20.500.12918/7819
03-tesis/TESIS_2023_planeamiento-arquitectura-illarakay/TESIS_2023_planeamiento-arquitectura-illarakay_parte_006.md,2,propia (excavaciones referidas en la tesis; citado junto a Chatfield 2007 y Valencia & Chatfield 2001),https://hdl.handle.net/20.500.12918/7819
03-tesis/TESIS_2024_arquitectura-pukara-sicuani/TESIS_2024_arquitectura-pukara-sicuani_parte_001_sub01.md,3,Sillar & Dean (2002),https://hdl.handle.net/20.500.12918/8404
03-tesis/TESIS_UNSAAC_2019_5248_caracterizacion_petrologica_de_la_ceramica_qotakalli_del_s/parte_006_pp_033_037.md,4,Bauer (2002),https://hdl.handle.net/20.500.12918/5248
03-tesis/TESIS_UNSAAC_2025_10880_descripcion_de_las_formas_arquitectonicas_de_los_sitios_ar/parte_010_pp_039_044.md,1,Gibaja y McEwan (1999),https://hdl.handle.net/20.500.12918/10880
03-tesis/TESIS_UNSAAC_2025_10945_estudio_arqueobotanico_de_las_diferencias_morfometricas_en/parte_019_pp_101_107.md,1,Delgado (2019),https://hdl.handle.net/20.500.12918/10945
03-tesis/TESIS_UNSAAC_2025_11507_estudio_antracologico_en_los_sectores_inkapirwa_kuta_qasa_/parte_003_pp_017_024.md,1,"Informe del Proyecto de Investigacion Arqueologica con fines de Conservacion y Puesta en Valor: Restauracion y Puesta en Valor de la Zona Arqueologica de K'anamarka, Sectores Kuta Qasa e Inka Pirwa (sin autor/ano explicito en el fragmento)",https://hdl.handle.net/20.500.12918/11507
03-tesis/TESIS_UNSAAC_2025_11507_estudio_antracologico_en_los_sectores_inkapirwa_kuta_qasa_/parte_014_pp_081_090.md,1,"Kendall, A. (1976). Descripcion e inventario de las formas arquitectonicas inca. Patrones de distribucion e inferencias cronologicas",https://hdl.handle.net/20.500.12918/11507
03-tesis/TESIS_UNSAAC_2025_11507_estudio_antracologico_en_los_sectores_inkapirwa_kuta_qasa_/parte_012_pp_069_073.md,1,"Succlli, E. (2018), tesis de maestria",https://hdl.handle.net/20.500.12918/11507
05-articulos/_recientes_2024-2026/delgado2024machuqolqa.md,6,"propia (Delgado Gonzalez, Guardapuclla Aragon y Socualaya Davila; muestras analizadas en Laboratoire Radiochronologie, Centre d'etudes nordiques, Universite Laval, Canada)",https://doi.org/10.18800/boletindearqueologiapucp.202401.003
05-articulos/_recientes_2024-2026/earle2025tombs.md,16,propia (this project),https://doi.org/10.1017/laq.2024.28
05-articulos/_recientes_2024-2026/shadik2024acopia.md,9,propia,https://doi.org/10.3390/plants13071019
05-articulos/migraciones-altiplanicas-batan_orqo-julihno-z/migraciones-altiplanicas-batan_orqo-julihno-z_sub26.md,13,propia,
05-articulos/publicacion-minaspata-ddc_cusco-of/publicacion-minaspata-ddc_cusco-of_sub04.md,2,"Bauer, 2011",
05-articulos/ravines-ceramica_documento/ravines-ceramica_documento_parte_009.md,8,"no indicado explicitamente en el fragmento de Ravines (fuente compiladora: R. Ravines, Estilos de Ceramica del Antiguo Peru)",https://boletindelima.com/163-166/5.pdf
